alpha,type_token_ratio,hapax_ratio,mid_range_ratio,mandelbrot_offset,word_count,label
0.5343483257766884,0.5934959349593496,0.44986449864498645,0.4715447154471545,0.27100271002710025,369,0
0.5513861465867137,0.5658914728682171,0.4315245478036176,0.4470284237726098,0.3023255813953488,387,0
0.5721048510895514,0.5544303797468354,0.41012658227848103,0.4506329113924051,0.28860759493670884,395,0
0.5873838518967752,0.5465994962216625,0.4282115869017632,0.42317380352644834,0.3148614609571788,397,0
0.6083666077772346,0.5388471177944862,0.40350877192982454,0.42857142857142855,0.2907268170426065,399,0
0.5683142341972661,0.5676392572944297,0.3978779840848806,0.47745358090185674,0.23872679045092837,377,0
0.5878204561738022,0.5526992287917738,0.39845758354755784,0.455012853470437,0.2647814910025707,389,0
0.5772554126153677,0.5567010309278351,0.4175257731958763,0.44329896907216493,0.2757731958762887,388,0
0.563416023045055,0.5717884130982368,0.44584382871536526,0.4508816120906801,0.28967254408060455,397,0
0.5993888810377566,0.5370843989769821,0.4040920716112532,0.4194373401534527,0.3248081841432225,391,0
0.6006329717400695,0.5368956743002544,0.37659033078880405,0.44783715012722647,0.28498727735368956,393,0
0.5364566447234499,0.5613496932515337,0.450920245398773,0.4110429447852761,0.37116564417177916,326,0
0.6260171017510284,0.525,0.36666666666666664,0.4111111111111111,0.28055555555555556,360,0
0.7044866053090489,0.44881889763779526,0.2650918635170604,0.3753280839895013,0.25196850393700787,381,0
0.6295625013333251,0.5257452574525745,0.36585365853658536,0.42005420054200543,0.23848238482384823,369,0
0.6453571944124837,0.5130208333333334,0.3619791666666667,0.4088541666666667,0.2526041666666667,384,0
0.6041367095466302,0.5449871465295629,0.3856041131105398,0.4524421593830334,0.2493573264781491,389,0
0.6223763937170205,0.5260416666666666,0.3880208333333333,0.4088541666666667,0.3046875,384,0
0.6346929267785717,0.5217391304347826,0.37084398976982097,0.4219948849104859,0.2557544757033248,391,0
0.6054638502229477,0.5452196382428941,0.3875968992248062,0.4496124031007752,0.24031007751937986,387,0
0.6522677746936283,0.5051282051282051,0.3487179487179487,0.41025641025641024,0.2743589743589744,390,0
0.6222671599580528,0.5282051282051282,0.3717948717948718,0.43333333333333335,0.2717948717948718,390,0
0.6632975840082619,0.49622166246851385,0.3677581863979849,0.3778337531486146,0.31738035264483627,397,0
0.6352159846077163,0.5164556962025316,0.36455696202531646,0.42025316455696204,0.2911392405063291,395,0
0.6126079745667029,0.5340314136125655,0.36649214659685864,0.44502617801047123,0.2591623036649215,382,0
0.6690115393743771,0.49473684210526314,0.3473684210526316,0.38421052631578945,0.2736842105263158,380,0
0.6357698990316856,0.5177664974619289,0.37055837563451777,0.41624365482233505,0.2868020304568528,394,0
0.6626058282022551,0.4949238578680203,0.3299492385786802,0.41116751269035534,0.24111675126903553,394,0
0.6295589715723847,0.5242966751918159,0.37851662404092073,0.4194373401534527,0.27365728900255754,391,0
0.5883257584975216,0.5583756345177665,0.4086294416243655,0.4593908629441624,0.2512690355329949,394,0
0.6622964622506095,0.4948186528497409,0.34974093264248707,0.3860103626943005,0.3134715025906736,386,0
0.6687290099576155,0.48267326732673266,0.31435643564356436,0.4084158415841584,0.2896039603960396,404,0
0.6769652098493577,0.48157248157248156,0.32186732186732187,0.4004914004914005,0.28746928746928746,407,0
0.6407821516180134,0.49747474747474746,0.30808080808080807,0.4393939393939394,0.2727272727272727,396,0
0.6478535861321044,0.5066666666666667,0.352,0.4,0.29333333333333333,375,0
0.6507268831531462,0.5051813471502591,0.34196891191709844,0.41450777202072536,0.26424870466321243,386,0
0.6364179966605886,0.5086848635235732,0.3424317617866005,0.4317617866004963,0.28287841191067,403,0
0.6775577009685182,0.463768115942029,0.28743961352657005,0.4033816425120773,0.2946859903381642,414,0
0.6474661740907072,0.5037406483790524,0.3566084788029925,0.40648379052369077,0.3117206982543641,401,0
0.6770499536787135,0.4839506172839506,0.32592592592592595,0.4,0.2716049382716049,405,0
0.6488624527236938,0.49282296650717705,0.32057416267942584,0.430622009569378,0.284688995215311,418,0
0.6650222740567647,0.48866498740554154,0.3249370277078086,0.40554156171284633,0.2795969773299748,397,0
0.6549035217892805,0.4911392405063291,0.32151898734177214,0.41265822784810124,0.29873417721518986,395,0
0.6637945809670831,0.48507462686567165,0.30845771144278605,0.417910447761194,0.27114427860696516,402,0
0.6198432306450808,0.524390243902439,0.36097560975609755,0.44878048780487806,0.275609756097561,410,0
0.6644877848296197,0.486284289276808,0.3192019950124688,0.4089775561097257,0.2892768079800499,401,0
0.6645663685206694,0.48048780487804876,0.3,0.4219512195121951,0.28292682926829266,410,0
0.6737713034129797,0.4841075794621027,0.33007334963325186,0.39853300733496333,0.29095354523227385,409,0
0.6924613589637094,0.45496535796766746,0.2702078521939954,0.4133949191685912,0.24018475750577367,433,0
0.6669445709051905,0.4733009708737864,0.28398058252427183,0.42475728155339804,0.2669902912621359,412,0
0.6726358336286586,0.4849246231155779,0.33668341708542715,0.3869346733668342,0.31155778894472363,398,0
0.652629069774378,0.5012345679012346,0.3432098765432099,0.41728395061728396,0.27901234567901234,405,0
0.7023539882799382,0.4583333333333333,0.2965686274509804,0.3799019607843137,0.3112745098039216,408,0
0.6551784258141632,0.5037593984962406,0.37343358395989973,0.38847117794486213,0.2957393483709273,399,0
0.6733753571247185,0.48157894736842105,0.32105263157894737,0.38421052631578945,0.3157894736842105,380,0
0.6976185974432987,0.4721549636803874,0.3414043583535109,0.36561743341404357,0.29055690072639223,413,0
0.6759834598111377,0.47560975609756095,0.3,0.4121951219512195,0.2780487804878049,410,0
0.6069592036372645,0.5213032581453634,0.3408521303258145,0.45614035087719296,0.2756892230576441,399,0
0.681330921792273,0.4775,0.3225,0.3875,0.28,400,0
0.6421554552822056,0.5125,0.3675,0.4125,0.2875,400,0
0.5609148823397063,0.5674300254452926,0.43765903307888043,0.44783715012722647,0.30025445292620867,393,0
0.5897813359330039,0.5376884422110553,0.41959798994974873,0.41457286432160806,0.3417085427135678,398,0
0.616223559497515,0.5367088607594936,0.4050632911392405,0.42025316455696204,0.2810126582278481,395,0
0.6507923674851405,0.5038167938931297,0.3460559796437659,0.4122137404580153,0.28498727735368956,393,0
0.6053468229342127,0.5372750642673522,0.37789203084832906,0.44473007712082263,0.27249357326478146,389,0
0.636209315461792,0.5178571428571429,0.37244897959183676,0.413265306122449,0.29081632653061223,392,0
0.5883073934416156,0.5498721227621484,0.3887468030690537,0.46035805626598464,0.26854219948849106,391,0
0.6172634559711807,0.5374331550802139,0.3877005347593583,0.42513368983957217,0.24064171122994651,374,0
0.6274630144982432,0.5269922879177378,0.3856041131105398,0.41645244215938304,0.2699228791773779,389,0
0.5937693726457276,0.5429292929292929,0.4116161616161616,0.42676767676767674,0.31313131313131315,396,0
0.5958109382355908,0.5454545454545454,0.4090909090909091,0.43434343434343436,0.29797979797979796,396,0
0.6503396165612851,0.5,0.3730964467005076,0.37817258883248733,0.3426395939086294,394,0
0.6194599043952321,0.5263157894736842,0.39348370927318294,0.41353383458646614,0.3057644110275689,399,0
0.6658917128672757,0.4948186528497409,0.3549222797927461,0.38082901554404147,0.30569948186528495,386,0
0.5793280803658558,0.5615384615384615,0.43333333333333335,0.43846153846153846,0.28974358974358977,390,0
0.6288352282939843,0.5217391304347826,0.3836317135549872,0.4092071611253197,0.2966751918158568,391,0
0.6116700687589718,0.5308641975308642,0.38271604938271603,0.43703703703703706,0.2814814814814815,405,0
0.6726368494002776,0.48711340206185566,0.34536082474226804,0.37628865979381443,0.31958762886597936,388,0
0.6577578239485933,0.5,0.35051546391752575,0.39690721649484534,0.2860824742268041,388,0
0.6093187381333595,0.5376623376623376,0.36883116883116884,0.45194805194805193,0.23636363636363636,385,0
0.630336143936647,0.5215189873417722,0.3721518987341772,0.42278481012658226,0.2607594936708861,395,0
0.6163688066815894,0.533678756476684,0.38341968911917096,0.43005181347150256,0.27979274611398963,386,0
0.6139421764715274,0.5292620865139949,0.3842239185750636,0.42493638676844786,0.30025445292620867,393,0
0.5815297884206142,0.5597964376590331,0.4300254452926209,0.4402035623409669,0.2875318066157761,393,0
0.605675613614971,0.544973544973545,0.4021164021164021,0.42857142857142855,0.2777777777777778,378,0
0.6282674779580457,0.5187032418952618,0.3640897755610973,0.428927680798005,0.2942643391521197,401,0
0.6830694547395781,0.47435897435897434,0.30256410256410254,0.39487179487179486,0.26666666666666666,390,0
0.6432715556775956,0.5139240506329114,0.3594936708860759,0.42025316455696204,0.2607594936708861,395,0
0.6382924441723097,0.5203045685279187,0.3883248730964467,0.4035532994923858,0.2817258883248731,394,0
0.6731085847930988,0.48556430446194226,0.32545931758530183,0.3884514435695538,0.2992125984251969,381,0
0.5814735648117838,0.5546448087431693,0.4453551912568306,0.4207650273224044,0.32786885245901637,366,0
0.575833033482669,0.5583126550868487,0.4292803970223325,0.4441687344913151,0.3027295285359802,403,0
0.5401747987149297,0.5782828282828283,0.46464646464646464,0.45454545454545453,0.3207070707070707,396,0
0.6171255249732772,0.5306122448979592,0.3852040816326531,0.4260204081632653,0.288265306122449,392,0
0.5589437061019086,0.5692695214105793,0.45591939546599497,0.44584382871536526,0.3148614609571788,397,0
0.5982075780445187,0.545,0.43,0.4225,0.2975,400,0
0.5571075696681185,0.5804020100502513,0.44472361809045224,0.46984924623115576,0.27386934673366836,398,0
0.5358881824701264,0.6020408163265306,0.46938775510204084,0.4846938775510204,0.25,392,0
0.6216725669831278,0.5288220551378446,0.39348370927318294,0.41854636591478694,0.2907268170426065,399,0
0.6176388256405277,0.5341772151898734,0.389873417721519,0.43037974683544306,0.2759493670886076,395,0
0.6441090612828109,0.5125628140703518,0.36683417085427134,0.4120603015075377,0.271356783919598,398,0
0.5360403382248312,0.5816831683168316,0.47277227722772275,0.4603960396039604,0.3193069306930693,404,0
0.5986539614901001,0.5465994962216625,0.4156171284634761,0.43073047858942065,0.2972292191435768,397,0
0.6087049142812639,0.5415617128463476,0.40554156171284633,0.43073047858942065,0.2770780856423174,397,0
0.5923919481685577,0.5447761194029851,0.43034825870646765,0.4228855721393035,0.3208955223880597,402,0
0.5696494517753685,0.5586034912718204,0.4613466334164589,0.43640897755610975,0.32169576059850374,401,0
0.6092338095052485,0.5359801488833746,0.4143920595533499,0.4143920595533499,0.3076923076923077,403,0
0.5839122754301596,0.5477386934673367,0.43467336683417085,0.42462311557788945,0.32160804020100503,398,0
0.5772464525735438,0.5544554455445545,0.44801980198019803,0.43316831683168316,0.3118811881188119,404,0
0.5724882558451497,0.542713567839196,0.43467336683417085,0.41959798994974873,0.35678391959798994,398,0
0.5393786213271643,0.5825,0.465,0.46,0.305,400,0
0.5606450882177153,0.5675,0.455,0.445,0.31,400,0
0.5400552685014977,0.582089552238806,0.47512437810945274,0.4601990049751244,0.30845771144278605,402,0
0.5764501583200334,0.5588972431077694,0.44110275689223055,0.43609022556390975,0.3032581453634085,399,0
0.6108464616003357,0.527363184079602,0.3805970149253731,0.43034825870646765,0.31094527363184077,402,0
0.5953237544499836,0.5463659147869674,0.41854636591478694,0.42857142857142855,0.2807017543859649,399,0
0.5402443962695709,0.5753086419753086,0.4666666666666667,0.454320987654321,0.32592592592592595,405,0
0.5930430504176984,0.547979797979798,0.41919191919191917,0.4292929292929293,0.3005050505050505,396,0
0.5406258062215856,0.5818639798488665,0.45843828715365237,0.45843828715365237,0.28463476070528965,397,0
0.5674309118755866,0.5671641791044776,0.44776119402985076,0.44527363184079605,0.2960199004975124,402,0
0.6540848906883214,0.44029850746268656,0.2835820895522388,0.35323383084577115,0.417910447761194,402,0
0.525956077429679,0.5949367088607594,0.4835443037974684,0.4708860759493671,0.29873417721518986,395,0
0.5332584100149501,0.5757575757575758,0.45202020202020204,0.45202020202020204,0.3181818181818182,396,0
0.5699942367169288,0.5475,0.435,0.425,0.33,400,0
0.6384166302216041,0.5,0.35353535353535354,0.398989898989899,0.29545454545454547,396,0
0.6370519082242962,0.4836272040302267,0.34005037783375314,0.380352644836272,0.3602015113350126,397,0
0.6513368098182217,0.49502487562189057,0.3407960199004975,0.4054726368159204,0.291044776119403,402,0
0.6023196990525398,0.5421994884910486,0.4117647058823529,0.4219948849104859,0.30179028132992325,391,0
0.6343151672833668,0.5149253731343284,0.3756218905472637,0.41044776119402987,0.30845771144278605,402,0
0.6232563704228604,0.5248756218905473,0.373134328358209,0.43283582089552236,0.2835820895522388,402,0
0.6157959850143983,0.5151515151515151,0.38636363636363635,0.39646464646464646,0.3333333333333333,396,0
0.6627390716044695,0.48,0.315,0.4,0.3125,400,0
0.5803587785413294,0.549367088607595,0.4,0.4506329113924051,0.29873417721518986,395,0
0.6028210046023079,0.5355329949238579,0.39086294416243655,0.43147208121827413,0.30456852791878175,394,0
0.6148211633408606,0.5303030303030303,0.3813131313131313,0.4318181818181818,0.29292929292929293,396,0
0.6183471525422675,0.5288220551378446,0.38345864661654133,0.42857142857142855,0.2857142857142857,399,0
0.5915076089582855,0.549618320610687,0.40458015267175573,0.44529262086513993,0.28498727735368956,393,0
0.6497600265645116,0.506265664160401,0.3583959899749373,0.40852130325814534,0.2832080200501253,399,0
0.6755402963994174,0.48129675810473815,0.314214463840399,0.40399002493765584,0.2743142144638404,401,0
0.6360915967381653,0.5187032418952618,0.3690773067331671,0.4239401496259352,0.26184538653366585,401,0
0.6293196520771129,0.5234567901234568,0.362962962962963,0.4419753086419753,0.2419753086419753,405,0
0.6213802530339726,0.5311720698254364,0.3740648379052369,0.44389027431421446,0.24438902743142144,401,0
0.5974115770342063,0.5454545454545454,0.3888888888888889,0.45454545454545453,0.26515151515151514,396,0
0.5593771303179249,0.5776081424936387,0.46564885496183206,0.4529262086513995,0.28498727735368956,393,0
0.6277080457585699,0.5100502512562815,0.3793969849246231,0.3944723618090452,0.3417085427135678,398,0
0.5880231851421965,0.5392405063291139,0.4253164556962025,0.4151898734177215,0.3341772151898734,395,0
0.5747880156033621,0.5461346633416458,0.4114713216957606,0.43640897755610975,0.3092269326683292,401,0
0.606059772889706,0.5429292929292929,0.4090909090909091,0.4292929292929293,0.2777777777777778,396,0
0.6862871696796861,0.4659949622166247,0.29974811083123426,0.3853904282115869,0.27204030226700254,397,0
0.6013231342145653,0.5419847328244275,0.3944020356234097,0.4402035623409669,0.28498727735368956,393,0
0.6227786289293964,0.41025641025641024,0.33974358974358976,0.2532051282051282,0.5769230769230769,312,0
0.5939392887279519,0.4685714285714286,0.3657142857142857,0.32857142857142857,0.4657142857142857,350,0
0.5425382368774238,0.5971830985915493,0.447887323943662,0.4704225352112676,0.24507042253521127,355,0
0.6108819632292407,0.5347593582887701,0.37967914438502676,0.42780748663101603,0.2727272727272727,374,0
0.5622986773831513,0.5737704918032787,0.46174863387978143,0.43989071038251365,0.30601092896174864,366,0
0.6034538113786811,0.5449591280653951,0.4087193460490463,0.4141689373297003,0.29427792915531337,367,0
0.5512280423910234,0.5630026809651475,0.45308310991957107,0.4316353887399464,0.34584450402144773,373,0
0.5308152821803823,0.5879265091863517,0.48293963254593175,0.45931758530183725,0.31496062992125984,381,0
0.5286119900351218,0.5862068965517241,0.47214854111405835,0.4562334217506631,0.3076923076923077,377,0
0.5129823992117284,0.596100278551532,0.479108635097493,0.4596100278551532,0.3147632311977716,359,0
0.5279283806336976,0.5828877005347594,0.4572192513368984,0.45187165775401067,0.3181818181818182,374,0
0.5242751355189755,0.6108374384236454,0.47783251231527096,0.5024630541871922,0.23645320197044334,406,0
0.5651330758385389,0.575,0.44,0.465,0.2725,400,0
0.6338810374856325,0.5099009900990099,0.3712871287128713,0.40594059405940597,0.32673267326732675,404,0
0.5784351305865909,0.5538847117794486,0.43358395989974935,0.43107769423558895,0.3157894736842105,399,0
0.5825118118271793,0.5575,0.4175,0.4525,0.2725,400,0
0.5899392247381982,0.555,0.4075,0.4575,0.26,400,0
0.5721409048113537,0.5533498759305211,0.41935483870967744,0.4441687344913151,0.31017369727047145,403,0
0.5681327734181209,0.5597014925373134,0.43034825870646765,0.44527363184079605,0.3034825870646766,402,0
0.5460765666481296,0.589873417721519,0.4607594936708861,0.4708860759493671,0.26329113924050634,395,0
0.5424864255070633,0.58,0.4775,0.4575,0.31,400,0
0.4836045275518447,0.6352357320099256,0.5062034739454094,0.5210918114143921,0.24813895781637718,403,0
0.5958820086558473,0.553921568627451,0.41421568627450983,0.4534313725490196,0.24754901960784315,408,0
0.5478689562708876,0.5860349127182045,0.43640897755610975,0.4912718204488778,0.24937655860349128,401,0
0.6125753671930412,0.5373134328358209,0.39800995024875624,0.43283582089552236,0.27860696517412936,402,0
0.5865374839887196,0.5434782608695652,0.39371980676328505,0.45652173913043476,0.28743961352657005,414,0
0.6713383048441304,0.490521327014218,0.33886255924170616,0.4099526066350711,0.25355450236966826,422,0
0.6350322173694899,0.516209476309227,0.3740648379052369,0.4139650872817955,0.2967581047381546,401,0
0.6108730639478689,0.5269607843137255,0.3872549019607843,0.4264705882352941,0.3088235294117647,408,0
0.6306449040836313,0.5113350125944585,0.3702770780856423,0.40554156171284633,0.327455919395466,397,0
0.6514067218358629,0.5036674816625917,0.3545232273838631,0.4132029339853301,0.2885085574572127,409,0
0.6208817158081265,0.5247524752475248,0.38366336633663367,0.42326732673267325,0.2747524752475248,404,0
0.5950165440458359,0.5459057071960298,0.38957816377171217,0.45905707196029777,0.27543424317617865,403,0
0.6520219969398265,0.5012658227848101,0.35443037974683544,0.4,0.3012658227848101,395,0
0.6238747376890711,0.5136476426799007,0.34491315136476425,0.4392059553349876,0.2878411910669975,403,0
0.6747803910120334,0.4768856447688564,0.31386861313868614,0.40145985401459855,0.30900243309002434,411,0
0.5856048807079254,0.5454545454545454,0.40786240786240785,0.44226044226044225,0.3144963144963145,407,0
0.6435881269033745,0.4975369458128079,0.3275862068965517,0.42610837438423643,0.29802955665024633,406,0
0.6823966435345713,0.46454767726161367,0.28117359413202936,0.4083129584352078,0.2567237163814181,409,0
0.6681453754101854,0.48058252427184467,0.3300970873786408,0.3932038834951456,0.33495145631067963,412,0
0.6820288139546222,0.4744525547445255,0.31143552311435524,0.39902676399026765,0.2895377128953771,411,0
0.6626090072802235,0.4792176039119804,0.3154034229828851,0.4034229828850856,0.31784841075794623,409,0
0.7021452996390188,0.4560975609756098,0.2951219512195122,0.3780487804878049,0.2658536585365854,410,0
0.6659767169206698,0.47783251231527096,0.312807881773399,0.4014778325123153,0.3054187192118227,406,0
0.6637649471277467,0.48668280871670705,0.324455205811138,0.4116222760290557,0.29055690072639223,413,0
0.513256818478685,0.5785123966942148,0.47107438016528924,0.4834710743801653,0.31611570247933884,484,0
0.5029452229614448,0.5849514563106796,0.46601941747572817,0.46601941747572817,0.308252427184466,412,0
0.5969649185182421,0.5486284289276808,0.4139650872817955,0.4389027431421446,0.2743142144638404,401,0
0.6823075482423421,0.477326968973747,0.3198090692124105,0.4009546539379475,0.27923627684964203,419,0
0.6336122592751557,0.5219512195121951,0.37317073170731707,0.4317073170731707,0.25121951219512195,410,0
0.6535245195122537,0.5012048192771085,0.3421686746987952,0.42409638554216866,0.26506024096385544,415,0
0.7063187448284289,0.45038167938931295,0.28498727735368956,0.366412213740458,0.31806615776081426,393,0
0.6894183876373646,0.4720194647201946,0.32116788321167883,0.3844282238442822,0.2871046228710462,411,0
0.5547533399051366,0.5653266331658291,0.44472361809045224,0.44221105527638194,0.314070351758794,398,0
0.6492877771703726,0.5071090047393365,0.35071090047393366,0.4312796208530806,0.23933649289099526,422,0
0.6143585125353168,0.5229591836734694,0.3494897959183674,0.44642857142857145,0.28316326530612246,392,0
0.7551991404259897,0.4032258064516129,0.23271889400921658,0.3548387096774194,0.3064516129032258,434,0
0.5892333333522458,0.5454545454545454,0.4166666666666667,0.42676767676767674,0.31313131313131315,396,0
0.5748787709964844,0.5654320987654321,0.42962962962962964,0.45925925925925926,0.2716049382716049,405,0
0.533741226493057,0.5914786967418546,0.47619047619047616,0.46867167919799496,0.2957393483709273,399,0
0.606631965589217,0.533498759305211,0.38213399503722084,0.44168734491315137,0.2853598014888337,403,0
0.642716498986793,0.5124378109452736,0.373134328358209,0.4079601990049751,0.291044776119403,402,0
0.56966449362317,0.5614035087719298,0.44611528822055135,0.43859649122807015,0.3107769423558897,399,0
0.5936668057234583,0.545,0.415,0.43,0.3,400,0
0.7615065372036833,0.42080378250591016,0.28132387706855794,0.32860520094562645,0.3215130023640662,423,0
0.5988504264844567,0.5369458128078818,0.4088669950738916,0.4236453201970443,0.31773399014778325,406,0
0.6245394527071938,0.5199004975124378,0.373134328358209,0.4228855721393035,0.2935323383084577,402,0
0.5705615621204801,0.5580808080808081,0.4444444444444444,0.43434343434343436,0.3181818181818182,396,0
0.6000784705924492,0.5432098765432098,0.4049382716049383,0.43950617283950616,0.2765432098765432,405,0
0.5849953088423607,0.5487804878048781,0.4146341463414634,0.44390243902439025,0.3,410,0
0.5955225440124039,0.5427872860635696,0.4083129584352078,0.43765281173594134,0.293398533007335,409,0
0.7162431432129083,0.44651162790697674,0.2837209302325581,0.3813953488372093,0.29069767441860467,430,0
0.5281876956825597,0.5699745547073791,0.44529262086513993,0.44529262086513993,0.3256997455470738,393,0
0.5938878450362105,0.5279187817258884,0.4010152284263959,0.40609137055837563,0.35786802030456855,394,0
0.648127619498073,0.4975369458128079,0.35714285714285715,0.39655172413793105,0.33497536945812806,406,0
0.6305612286728962,0.5025380710659898,0.39593908629441626,0.37817258883248733,0.3756345177664975,394,0
0.6182208282648025,0.5201005025125628,0.38190954773869346,0.4120603015075377,0.31155778894472363,398,0
0.63507839895068,0.5190839694656488,0.36895674300254455,0.4198473282442748,0.2697201017811705,393,0
0.5731077348833642,0.5699745547073791,0.42748091603053434,0.4631043256997455,0.26208651399491095,393,0
0.7217151667764334,0.44110275689223055,0.2681704260651629,0.3684210526315789,0.2807017543859649,399,0
0.6233144099071873,0.5188916876574308,0.36523929471032746,0.4256926952141058,0.28967254408060455,397,0
0.5482296126206523,0.5860349127182045,0.456359102244389,0.4713216957605985,0.256857855361596,401,0
0.5901358305006962,0.5311720698254364,0.3640897755610973,0.4538653366583541,0.2892768079800499,401,0
0.5678986947074529,0.5527638190954773,0.4020100502512563,0.457286432160804,0.2889447236180904,398,0
0.6202603259638664,0.5175,0.3675,0.4225,0.295,400,0
0.6271311088818914,0.5217391304347826,0.37595907928388744,0.41687979539641945,0.28388746803069054,391,0
0.6301561536624316,0.5112781954887218,0.3634085213032581,0.41353383458646614,0.3182957393483709,399,0
0.6556624867004288,0.48883374689826303,0.3325062034739454,0.40198511166253104,0.3002481389578164,403,0
0.6457595090228541,0.4975124378109453,0.3407960199004975,0.41044776119402987,0.291044776119403,402,0
0.5722782917900593,0.5575,0.4125,0.4575,0.2925,400,0
0.6391189624191357,0.5099502487562189,0.3656716417910448,0.41044776119402987,0.30597014925373134,402,0
0.6148722329925786,0.531328320802005,0.40350877192982454,0.41353383458646614,0.3082706766917293,399,0
0.6132130461957924,0.535175879396985,0.39195979899497485,0.4321608040201005,0.2814070351758794,398,0
0.6055437592912208,0.5373134328358209,0.39552238805970147,0.43532338308457713,0.2935323383084577,402,0
0.6073387118217258,0.5318066157760815,0.39185750636132316,0.4223918575063613,0.30279898218829515,393,0
0.6220361971123264,0.5183374083129584,0.38386308068459657,0.4132029339853301,0.31784841075794623,409,0
0.7591273517913106,0.42105263157894735,0.2756892230576441,0.3208020050125313,0.3283208020050125,399,0
0.6639298673343788,0.48877805486284287,0.3192019950124688,0.4139650872817955,0.26932668329177056,401,0
0.6133539113865388,0.5276381909547738,0.36683417085427134,0.44221105527638194,0.27638190954773867,398,0
0.6383638334567665,0.5075757575757576,0.351010101010101,0.4166666666666667,0.3106060606060606,396,0
0.6015519515657707,0.5452261306532663,0.3944723618090452,0.44974874371859297,0.2562814070351759,398,0
0.6304749217069022,0.5126262626262627,0.351010101010101,0.42676767676767674,0.2803030303030303,396,0
0.6737030498937109,0.48009950248756217,0.31840796019900497,0.39800995024875624,0.291044776119403,402,0
0.6509500160602399,0.49,0.33,0.405,0.32,400,0
0.6963896449710348,0.465,0.3125,0.3725,0.3175,400,0
0.5432056222563375,0.5896805896805897,0.4594594594594595,0.47911547911547914,0.2751842751842752,407,0
0.6183183347468596,0.5264423076923077,0.3605769230769231,0.4567307692307692,0.25721153846153844,416,0
0.6473743703020985,0.5122549019607843,0.3700980392156863,0.41421568627450983,0.25,408,0
0.6334719539347239,0.5149253731343284,0.36069651741293535,0.4253731343283582,0.2935323383084577,402,0
0.6977855100347886,0.46766169154228854,0.3283582089552239,0.36318407960199006,0.31343283582089554,402,0
0.6609053643554906,0.4950980392156863,0.34558823529411764,0.40441176470588236,0.28921568627450983,408,0
0.6774199398915656,0.4782608695652174,0.3188405797101449,0.40096618357487923,0.2777777777777778,414,0
0.7061083365668235,0.4506024096385542,0.27710843373493976,0.38795180722891565,0.2746987951807229,415,0
0.6580213919618036,0.5024630541871922,0.35714285714285715,0.4064039408866995,0.2660098522167488,406,0
0.6430759722543685,0.4964705882352941,0.31058823529411766,0.45176470588235296,0.24235294117647058,425,0
0.5822374569421398,0.5577395577395577,0.4152334152334152,0.4594594594594595,0.2751842751842752,407,0
0.6824946816674958,0.4641975308641975,0.29876543209876544,0.38765432098765434,0.32098765432098764,405,0
0.6436189610594386,0.5049261083743842,0.3522167487684729,0.41625615763546797,0.2857142857142857,406,0
0.6370682801178723,0.5143540669856459,0.35406698564593303,0.44019138755980863,0.25598086124401914,418,0
0.6779593799069965,0.4753694581280788,0.30295566502463056,0.4064039408866995,0.26108374384236455,406,0
0.6719103061453118,0.48507462686567165,0.3358208955223881,0.39054726368159204,0.2810945273631841,402,0
0.7009425457599,0.4605911330049261,0.30049261083743845,0.3793103448275862,0.30295566502463056,406,0
0.678827569954314,0.4763092269326683,0.314214463840399,0.3940149625935162,0.2967581047381546,401,0
0.7102615155617514,0.45454545454545453,0.3022113022113022,0.36609336609336607,0.31695331695331697,407,0
0.6675811448294877,0.48614609571788414,0.34005037783375314,0.3853904282115869,0.3249370277078086,397,0
0.6367312094447223,0.5184275184275184,0.371007371007371,0.4250614250614251,0.26535626535626533,407,0
0.6475477790868243,0.48635235732009924,0.3002481389578164,0.4292803970223325,0.2878411910669975,403,0
0.6824090053561949,0.4720194647201946,0.29683698296836986,0.40875912408759124,0.24330900243309003,411,0
0.669573967912397,0.4900497512437811,0.3333333333333333,0.40298507462686567,0.27860696517412936,402,0
0.6444038952782449,0.5123762376237624,0.36633663366336633,0.4158415841584158,0.2722772277227723,404,0
0.6551226545672001,0.49876543209876545,0.33827160493827163,0.41728395061728396,0.2716049382716049,405,0
0.7050918734074825,0.45885286783042395,0.29925187032418954,0.3740648379052369,0.29177057356608477,401,0
0.6876656594209162,0.4651741293532338,0.2860696517412935,0.40049751243781095,0.2736318407960199,402,0
0.6624854623709597,0.4975369458128079,0.3472906403940887,0.4064039408866995,0.2660098522167488,406,0
0.6861821495191432,0.4730392156862745,0.3088235294117647,0.39705882352941174,0.2769607843137255,408,0
0.598299360888688,0.5415617128463476,0.4080604534005038,0.4282115869017632,0.30982367758186397,397,0
0.5885802443013683,0.5561097256857855,0.40399002493765584,0.46384039900249374,0.2543640897755611,401,0
0.6026375224999033,0.5425,0.3925,0.4475,0.275,400,0
0.5344715455693235,0.5985037406483791,0.47880299251870323,0.4763092269326683,0.2718204488778055,401,0
0.5716485657421988,0.56575682382134,0.4317617866004963,0.456575682382134,0.2853598014888337,403,0
0.5746212655716074,0.5583126550868487,0.4292803970223325,0.4441687344913151,0.3027295285359802,403,0
0.5618742591019489,0.575682382133995,0.4491315136476427,0.45905707196029777,0.2630272952853598,403,0
0.5110588342095427,0.6175,0.4825,0.5075,0.25,400,0
0.6511735933232008,0.5076530612244898,0.375,0.3903061224489796,0.2780612244897959,392,0
0.5547261857892711,0.5822784810126582,0.45569620253164556,0.4607594936708861,0.2810126582278481,395,0
0.6081779934434499,0.535,0.4025,0.4225,0.3,400,0
0.6742814677201481,0.4899497487437186,0.3417085427135678,0.39195979899497485,0.26884422110552764,398,0
0.6434707267984641,0.5087719298245614,0.3483709273182957,0.42355889724310775,0.2807017543859649,399,0
0.6371391257451346,0.5174129353233831,0.3656716417910448,0.4253731343283582,0.27114427860696516,402,0
0.48479495604354095,0.6196473551637279,0.5239294710327456,0.49622166246851385,0.3022670025188917,397,0
0.6302604630187274,0.5180412371134021,0.3711340206185567,0.41237113402061853,0.3015463917525773,388,0
0.6660897072385448,0.49627791563275436,0.38213399503722084,0.3746898263027295,0.3002481389578164,403,0
0.6175737739279785,0.5284974093264249,0.4015544041450777,0.4015544041450777,0.31865284974093266,386,0
0.5805685509881737,0.5569620253164557,0.41265822784810124,0.4531645569620253,0.27848101265822783,395,0
0.6565965914665951,0.5,0.3475,0.4075,0.285,400,0
0.6334342471971169,0.5210918114143921,0.3771712158808933,0.4218362282878412,0.2655086848635236,403,0
0.6475060312776658,0.5062344139650873,0.34413965087281795,0.4239401496259352,0.26433915211970077,401,0
0.6514100827323718,0.5100502512562815,0.37185929648241206,0.4020100502512563,0.2663316582914573,398,0
0.5484486708224448,0.5869017632241813,0.4508816120906801,0.4760705289672544,0.25440806045340053,397,0
0.638248973543594,0.5050251256281407,0.3693467336683417,0.3944723618090452,0.32663316582914576,398,0
0.6718875097798886,0.4824120603015075,0.32160804020100503,0.3969849246231156,0.3065326633165829,398,0
0.646010933135806,0.5025,0.3525,0.4075,0.3175,400,0
0.6308163523949901,0.5238095238095238,0.38095238095238093,0.42105263157894735,0.2706766917293233,399,0
0.5967138784674715,0.5510204081632653,0.41581632653061223,0.4362244897959184,0.2627551020408163,392,0
0.5691836848261642,0.5580808080808081,0.4393939393939394,0.43434343434343436,0.32323232323232326,396,0
0.642733444728239,0.5112781954887218,0.3533834586466165,0.42355889724310775,0.2656641604010025,399,0
0.5816811110894198,0.5454545454545454,0.4015151515151515,0.44191919191919193,0.3055555555555556,396,0
0.6033719107453953,0.5452261306532663,0.39195979899497485,0.45226130653266333,0.2537688442211055,398,0
0.6152922872987243,0.5304568527918782,0.38578680203045684,0.4263959390862944,0.29441624365482233,394,0
0.62568811453369,0.5215189873417722,0.3620253164556962,0.43291139240506327,0.27341772151898736,395,0
0.6518442297975922,0.5062972292191436,0.37531486146095716,0.3904282115869018,0.3047858942065491,397,0
0.6684824568411329,0.4849246231155779,0.314070351758794,0.40954773869346733,0.25125628140703515,398,0
0.6227584339152683,0.5323383084577115,0.39552238805970147,0.4253731343283582,0.26616915422885573,402,0
1.1405844929266051,0.11780104712041885,0.04450261780104712,0.0,0.680628272251309,382,0
1.029053351621825,0.12853470437017994,0.033419023136246784,0.002570694087403599,0.6632390745501285,389,0
0.5963930688704467,0.5491183879093199,0.3904282115869018,0.4609571788413098,0.23929471032745592,397,0
0.5965404290127257,0.5508684863523573,0.3945409429280397,0.4640198511166253,0.23076923076923078,403,0
0.5890285717051124,0.554726368159204,0.39552238805970147,0.4701492537313433,0.23383084577114427,402,0
0.6159937708525626,0.5346534653465347,0.3811881188118812,0.44554455445544555,0.25742574257425743,404,0
0.6209357754110256,0.5298507462686567,0.39800995024875624,0.417910447761194,0.2960199004975124,402,0
0.5748023132028997,0.5682382133995038,0.43424317617866004,0.45905707196029777,0.2630272952853598,403,0
0.5642935732179468,0.5721518987341773,0.43037974683544306,0.46582278481012657,0.2708860759493671,395,0
0.6153197291255662,0.535,0.3925,0.4325,0.2725,400,0
0.5767766756889012,0.5610972568578554,0.4114713216957606,0.46633416458852867,0.2743142144638404,401,0
0.5975843570545144,0.5420792079207921,0.4158415841584158,0.42574257425742573,0.3069306930693069,404,0
0.5972914478137789,0.55,0.41,0.445,0.2725,400,0
0.5831436006915763,0.5459057071960298,0.39950372208436724,0.4491315136476427,0.29280397022332505,403,0
0.6161329439248787,0.5311720698254364,0.3740648379052369,0.44389027431421446,0.2543640897755611,401,0
0.6314701190747026,0.5149253731343284,0.35074626865671643,0.43532338308457713,0.26865671641791045,402,0
0.6195343140839691,0.5317073170731708,0.37073170731707317,0.45365853658536587,0.23658536585365852,410,0
0.5948534562377713,0.5486284289276808,0.38154613466334164,0.4713216957605985,0.23690773067331672,401,0
0.571653752299813,0.5635910224438903,0.4114713216957606,0.4713216957605985,0.2543640897755611,401,0
0.6359612741490817,0.5087719298245614,0.3458646616541353,0.42606516290726815,0.2681704260651629,399,0
0.6393966719271622,0.5062344139650873,0.3316708229426434,0.43640897755610975,0.256857855361596,401,0
0.62639829079909,0.5225,0.36,0.44,0.265,400,0
0.5611736273477114,0.5717884130982368,0.4156171284634761,0.4811083123425693,0.24937027707808565,397,0
0.6250324585867214,0.5236907730673317,0.36658354114713215,0.43640897755610975,0.26932668329177056,401,0
0.6083210346149275,0.5386533665835411,0.38403990024937656,0.4488778054862843,0.24189526184538654,401,0
0.6586421046869961,0.5037406483790524,0.36159600997506236,0.4014962593516209,0.26184538653366585,401,0
0.6746577574552053,0.4889975550122249,0.33985330073349634,0.39853300733496333,0.2567237163814181,409,0
0.6471980703095432,0.5126903553299492,0.36548223350253806,0.41116751269035534,0.2614213197969543,394,0
0.6173429368988288,0.5321782178217822,0.37623762376237624,0.44554455445544555,0.25742574257425743,404,0
0.6436537875693129,0.5061124694376528,0.33496332518337407,0.43765281173594134,0.22982885085574573,409,0
0.5300115738185839,0.5591939546599496,0.4508816120906801,0.4357682619647355,0.3501259445843829,397,0
0.5973807539051686,0.5375,0.4,0.43,0.3,400,0
0.6811112672276137,0.4665012406947891,0.2853598014888337,0.4044665012406948,0.29280397022332505,403,0
0.7126812944148823,0.45792079207920794,0.31435643564356436,0.3589108910891089,0.3118811881188119,404,0
0.6080408307104034,0.531328320802005,0.37092731829573933,0.44611528822055135,0.2731829573934837,399,0
0.6153165213287338,0.5289672544080605,0.3929471032745592,0.4181360201511335,0.3047858942065491,397,0
0.6551127406020287,0.5025,0.36,0.4,0.29,400,0
0.6339540294293179,0.5176767676767676,0.3787878787878788,0.4090909090909091,0.2878787878787879,396,0
0.6430510936867311,0.5098039215686274,0.3431372549019608,0.4362745098039216,0.23529411764705882,408,0
0.6428252680288704,0.5125,0.365,0.415,0.2775,400,0
0.6018282985564278,0.5421994884910486,0.3836317135549872,0.45012787723785164,0.2710997442455243,391,0
0.6825760403127901,0.4753694581280788,0.312807881773399,0.39655172413793105,0.2660098522167488,406,0
0.6568313746410575,0.5,0.3553299492385787,0.39593908629441626,0.2893401015228426,394,0
0.6526287972826854,0.4987593052109181,0.3523573200992556,0.40198511166253104,0.3076923076923077,403,0
0.7098530073635472,0.4463840399002494,0.2793017456359102,0.3690773067331671,0.32169576059850374,401,0
0.6507479637373335,0.5036144578313253,0.3614457831325301,0.40963855421686746,0.28674698795180725,415,0
0.6657233604417144,0.49748743718592964,0.3592964824120603,0.38944723618090454,0.28391959798994976,398,0
0.6409074613347459,0.5146341463414634,0.36829268292682926,0.4219512195121951,0.26097560975609757,410,0
0.6116401250312611,0.5353535353535354,0.4090909090909091,0.41414141414141414,0.30808080808080807,396,0
0.5676401249053589,0.5645569620253165,0.4278481012658228,0.4531645569620253,0.3012658227848101,395,0
0.6054009693438788,0.5370843989769821,0.4143222506393862,0.4117647058823529,0.30434782608695654,391,0
0.6168581621176495,0.5328282828282829,0.3838383838383838,0.43434343434343436,0.27525252525252525,396,0
0.5988952452165499,0.5429292929292929,0.3787878787878788,0.4595959595959596,0.26515151515151514,396,0
0.6702896247884003,0.4708860759493671,0.27848101265822783,0.4151898734177215,0.23544303797468355,395,0
0.6577897865008191,0.5012406947890818,0.36724565756823824,0.3920595533498759,0.2903225806451613,403,0
0.6265667210754599,0.5138539042821159,0.3778337531486146,0.40302267002518893,0.33249370277078083,397,0
0.62994530091488,0.5165394402035624,0.361323155216285,0.4223918575063613,0.28498727735368956,393,0
0.6191108583716423,0.525,0.36,0.445,0.2625,400,0
0.603223224192583,0.5358024691358024,0.38765432098765434,0.4419753086419753,0.28641975308641976,405,0
0.6432361462689229,0.5101522842639594,0.3730964467005076,0.39847715736040606,0.2918781725888325,394,0
0.509141256954267,0.5501222493887531,0.46454767726161367,0.43031784841075793,0.39364303178484106,409,0
0.4886340342297214,0.6178660049627791,0.5086848635235732,0.49627791563275436,0.27543424317617865,403,0
0.5161723900442718,0.6065989847715736,0.48223350253807107,0.48223350253807107,0.25888324873096447,394,0
0.6934376194661875,0.4621026894865526,0.29584352078239606,0.38875305623471884,0.2885085574572127,409,0
0.7375703967415054,0.4251207729468599,0.2536231884057971,0.35990338164251207,0.3164251207729469,414,0
0.7098344539891931,0.45185185185185184,0.30617283950617286,0.35555555555555557,0.34074074074074073,405,0
0.6546299326776652,0.49759615384615385,0.3389423076923077,0.4206730769230769,0.2764423076923077,416,0
0.6827298676039273,0.4745762711864407,0.31476997578692495,0.39709443099273606,0.288135593220339,413,0
0.7255023851119673,0.445,0.2975,0.3475,0.3275,400,0
0.6716873308881608,0.4765432098765432,0.345679012345679,0.3654320987654321,0.345679012345679,405,0
0.726550221218175,0.43942992874109266,0.27315914489311166,0.37292161520190026,0.27790973871733965,421,0
0.7766205229319593,0.3957845433255269,0.22716627634660422,0.33489461358313816,0.2927400468384075,427,0
0.711079682334967,0.4482758620689655,0.2832512315270936,0.37192118226600984,0.30295566502463056,406,0
0.7415354207233655,0.41646489104116224,0.23728813559322035,0.3583535108958838,0.28329297820823246,413,0
0.6819718174710306,0.4666666666666667,0.2962962962962963,0.3950617283950617,0.3111111111111111,405,0
0.7278438947328773,0.43703703703703706,0.2716049382716049,0.36049382716049383,0.3012345679012346,405,0
0.6805288882696184,0.47381546134663344,0.32418952618453867,0.3790523690773067,0.32169576059850374,401,0
0.6903333069926949,0.4641975308641975,0.29876543209876544,0.38765432098765434,0.30864197530864196,405,0
0.7434874352619584,0.42475728155339804,0.27427184466019416,0.33737864077669905,0.3616504854368932,412,0
0.7300102845974348,0.42857142857142855,0.24939467312348668,0.3704600484261501,0.288135593220339,413,0
0.6698501859893153,0.4830097087378641,0.32281553398058255,0.4053398058252427,0.30097087378640774,412,0
0.720403534972424,0.4219114219114219,0.23776223776223776,0.3776223776223776,0.32634032634032634,429,0
0.7742592559122544,0.39518072289156625,0.2289156626506024,0.3253012048192771,0.3421686746987952,415,0
0.7786063649181691,0.40540540540540543,0.26535626535626533,0.3046683046683047,0.36117936117936117,407,0
0.6902331457005059,0.46359223300970875,0.2961165048543689,0.3932038834951456,0.2961165048543689,412,0
0.7118907683100206,0.45145631067961167,0.3106796116504854,0.35436893203883496,0.3446601941747573,412,0
0.6805618156269267,0.46568627450980393,0.2965686274509804,0.3946078431372549,0.32107843137254904,408,0
0.6978442388282657,0.4630541871921182,0.3251231527093596,0.35960591133004927,0.33497536945812806,406,0
0.7303343242802588,0.42105263157894735,0.24162679425837322,0.3660287081339713,0.2822966507177033,418,0
0.6939750666122609,0.4676258992805755,0.3237410071942446,0.3764988009592326,0.3069544364508393,417,0
0.5361404211579299,0.5883838383838383,0.4696969696969697,0.46464646464646464,0.3005050505050505,396,0
0.5787127997987147,0.5376884422110553,0.40954773869346733,0.41959798994974873,0.3592964824120603,398,0
0.641257477275808,0.5175,0.385,0.405,0.2775,400,0
0.600963493188107,0.531328320802005,0.39097744360902253,0.42606516290726815,0.3258145363408521,399,0
0.5865670316541486,0.5618811881188119,0.42326732673267325,0.45792079207920794,0.2524752475247525,404,0
0.6334544727093263,0.5124378109452736,0.35572139303482586,0.4253731343283582,0.2885572139303483,402,0
0.608211066340435,0.5361596009975063,0.3915211970074813,0.43640897755610975,0.2793017456359102,401,0
0.6813524421135803,0.4651741293532338,0.2885572139303483,0.39800995024875624,0.2810945273631841,402,0
0.6362418097190976,0.5037593984962406,0.3182957393483709,0.44360902255639095,0.24310776942355888,399,0
0.6199899432949958,0.5211970074812967,0.3940149625935162,0.40399002493765584,0.32917705735660846,401,0
0.5897899358166261,0.543859649122807,0.39097744360902253,0.45112781954887216,0.3007518796992481,399,0
0.582450443541592,0.5646766169154229,0.43283582089552236,0.4527363184079602,0.263681592039801,402,0
0.6229560526503651,0.5295566502463054,0.3817733990147783,0.43596059113300495,0.26108374384236455,406,0
0.6305041589867749,0.5186104218362283,0.34739454094292804,0.4466501240694789,0.23325062034739455,403,0
0.7086865262125043,0.454320987654321,0.28641975308641976,0.3802469135802469,0.26666666666666666,405,0
0.6584856267743495,0.49507389162561577,0.35467980295566504,0.39408866995073893,0.31527093596059114,406,0
0.6663745452666736,0.48635235732009924,0.3250620347394541,0.4044665012406948,0.3002481389578164,403,0
0.6274345425082687,0.5209876543209877,0.35555555555555557,0.4444444444444444,0.23950617283950618,405,0
0.6457976142473519,0.5012345679012346,0.33827160493827163,0.4222222222222222,0.28641975308641976,405,0
0.6519024086722456,0.5012285012285013,0.33415233415233414,0.4275184275184275,0.23587223587223588,407,0
0.6156239001079153,0.5371287128712872,0.3910891089108911,0.4405940594059406,0.2524752475247525,404,0
0.6612556554224601,0.49625935162094764,0.3341645885286783,0.4139650872817955,0.26184538653366585,401,0
0.6523143295880763,0.5049261083743842,0.3472906403940887,0.4211822660098522,0.26108374384236455,406,0
0.7217759123636529,0.4396984924623116,0.2638190954773869,0.3693467336683417,0.271356783919598,398,0
0.6927136060785759,0.46078431372549017,0.2916666666666667,0.3897058823529412,0.2769607843137255,408,0
0.5912998646257999,0.5495049504950495,0.4183168316831683,0.4381188118811881,0.29455445544554454,404,0
0.6249298728284595,0.5236907730673317,0.38902743142144636,0.4139650872817955,0.30174563591022446,401,0
0.6101081447071053,0.5333333333333333,0.39012345679012345,0.4345679012345679,0.2839506172839506,405,0
0.6342241294470986,0.5199004975124378,0.38308457711442784,0.4129353233830846,0.2835820895522388,402,0
0.6346935500821039,0.5197044334975369,0.3817733990147783,0.41625615763546797,0.28078817733990147,406,0
0.5954861406816827,0.5509138381201044,0.4177545691906005,0.4281984334203655,0.2845953002610966,383,0
0.5765701021670074,0.5635910224438903,0.4463840399002494,0.44139650872817954,0.2892768079800499,401,0
0.53793369002911,0.5954198473282443,0.4732824427480916,0.4707379134860051,0.272264631043257,393,0
0.4546918782006713,0.628498727735369,0.5343511450381679,0.5038167938931297,0.32061068702290074,393,0
0.5467362998315008,0.5934343434343434,0.4671717171717172,0.4722222222222222,0.25252525252525254,396,0
0.5871364534006478,0.5577889447236181,0.41708542713567837,0.45226130653266333,0.26884422110552764,398,0
0.599267468654774,0.5447761194029851,0.42786069651741293,0.4228855721393035,0.3009950248756219,402,0
0.6058095443523607,0.5465994962216625,0.4105793450881612,0.4357682619647355,0.2619647355163728,397,0
0.6035254470354822,0.5417721518987342,0.3949367088607595,0.44050632911392407,0.27341772151898736,395,0
0.542571697670451,0.5739795918367347,0.4642857142857143,0.4489795918367347,0.32908163265306123,392,0
0.5363811885249482,0.599009900990099,0.4777227722772277,0.4777227722772277,0.25742574257425743,404,0
0.5911642381835251,0.5522388059701493,0.43532338308457713,0.43034825870646765,0.2960199004975124,402,0
0.5746542268839294,0.5679012345679012,0.4419753086419753,0.45185185185185184,0.2716049382716049,405,0
0.5788428735823231,0.568922305764411,0.43358395989974935,0.45864661654135336,0.24310776942355888,399,0
0.6031359168775582,0.5406091370558376,0.39593908629441626,0.4365482233502538,0.2893401015228426,394,0
0.5663523906213054,0.5772151898734177,0.43291139240506327,0.47341772151898737,0.24556962025316456,395,0
0.5449390377576779,0.5764411027568922,0.45363408521303256,0.45363408521303256,0.3107769423558897,399,0
0.5285159695060825,0.5945273631840796,0.4701492537313433,0.47512437810945274,0.26616915422885573,402,0
0.6461235688221427,0.5127551020408163,0.3596938775510204,0.41581632653061223,0.25,392,0
0.6268018497867984,0.5101522842639594,0.3223350253807107,0.44923857868020306,0.2563451776649746,394,0
0.6101053666397506,0.535,0.3825,0.4425,0.2775,400,0
0.5938675505542105,0.5561224489795918,0.41836734693877553,0.44387755102040816,0.2576530612244898,392,0
0.5610755787625131,0.5808080808080808,0.45707070707070707,0.45707070707070707,0.25757575757575757,396,0
0.5390818774690729,0.5883838383838383,0.46464646464646464,0.46464646464646464,0.2904040404040404,396,0
0.5725079894769615,0.5625,0.4525,0.44,0.3,400,0
0.5725315579795875,0.5609137055837563,0.4517766497461929,0.4365482233502538,0.3147208121827411,394,0
0.5704804893523755,0.5561224489795918,0.42857142857142855,0.4336734693877551,0.3137755102040816,392,0
0.5917430285748037,0.5372750642673522,0.39845758354755784,0.4241645244215938,0.33161953727506427,389,0
0.6274342033823254,0.5257731958762887,0.3865979381443299,0.41237113402061853,0.28865979381443296,388,0
0.5992333081557829,0.5396419437340153,0.4092071611253197,0.4194373401534527,0.31202046035805625,391,0
0.4532106729208185,0.6526946107784432,0.5359281437125748,0.5059880239520959,0.27844311377245506,334,0
0.5952740482613043,0.5501222493887531,0.41075794621026895,0.44987775061124696,0.2713936430317848,409,0
0.5910374694031183,0.5536159600997507,0.40648379052369077,0.456359102244389,0.26932668329177056,401,0
0.6161108304118377,0.5367647058823529,0.4068627450980392,0.4264705882352941,0.25980392156862747,408,0
0.550450867537941,0.5909090909090909,0.46172248803827753,0.48564593301435405,0.24641148325358853,418,0
0.6285998375900665,0.5266990291262136,0.3883495145631068,0.42718446601941745,0.2524271844660194,412,0
0.5310639433731915,0.5925925925925926,0.45185185185185184,0.49135802469135803,0.2716049382716049,405,0
0.5360222624467489,0.6029411764705882,0.4632352941176471,0.5024509803921569,0.22794117647058823,408,0
0.6535734452499625,0.4950980392156863,0.34068627450980393,0.40931372549019607,0.2696078431372549,408,0
0.6013953891720261,0.5407407407407407,0.39012345679012345,0.44938271604938274,0.2814814814814815,405,0
0.6585385280214094,0.5,0.35507246376811596,0.4082125603864734,0.26811594202898553,414,0
0.5936142623008164,0.5517241379310345,0.4064039408866995,0.45566502463054187,0.26108374384236455,406,0
0.64122137714732,0.51338199513382,0.3722627737226277,0.41605839416058393,0.2846715328467153,411,0
0.6015556667478531,0.5416666666666666,0.4019607843137255,0.4411764705882353,0.27205882352941174,408,0
0.563060636288001,0.5707434052757794,0.45323741007194246,0.45323741007194246,0.28776978417266186,417,0
0.5830913981121607,0.5604938271604938,0.4345679012345679,0.4444444444444444,0.25679012345679014,405,0
0.5039144894240145,0.6097560975609756,0.5024390243902439,0.4902439024390244,0.28536585365853656,410,0
0.5867847705945948,0.5594059405940595,0.4306930693069307,0.44554455445544555,0.26732673267326734,404,0
0.5696444695906849,0.57,0.43,0.465,0.2675,400,0
0.5304079733969755,0.5965346534653465,0.44801980198019803,0.5024752475247525,0.2400990099009901,404,0
0.5498019631759772,0.5876543209876544,0.4617283950617284,0.47160493827160493,0.2641975308641975,405,0
0.5349445791336568,0.5930521091811415,0.4739454094292804,0.47146401985111663,0.27543424317617865,403,0
0.5747976271521279,0.5646766169154229,0.42786069651741293,0.4577114427860697,0.26865671641791045,402,0
0.661513374738936,0.49878345498783455,0.35036496350364965,0.40875912408759124,0.25060827250608275,411,0
0.5458411008445027,0.5919395465994962,0.43073047858942065,0.5062972292191436,0.2141057934508816,397,0
0.5085620274132764,0.610126582278481,0.4962025316455696,0.4860759493670886,0.27848101265822783,395,0
0.5583166827483635,0.5798525798525799,0.4275184275184275,0.4914004914004914,0.23832923832923833,407,0
0.3985378777065689,0.7384615384615385,0.6307692307692307,0.36153846153846153,0.3076923076923077,130,1
0.4114165294136763,0.7253521126760564,0.6197183098591549,0.38028169014084506,0.30985915492957744,142,1
0.3961622748599031,0.734375,0.6015625,0.3515625,0.2890625,128,1
0.3687840281707105,0.7619047619047619,0.6349206349206349,0.373015873015873,0.2698412698412698,126,1
0.40965719246947513,0.7238805970149254,0.6343283582089553,0.3582089552238806,0.3358208955223881,134,1
0.3910970489988637,0.7461538461538462,0.6153846153846154,0.36923076923076925,0.27692307692307694,130,1
0.3852755736077142,0.7443609022556391,0.6390977443609023,0.37593984962406013,0.3007518796992481,133,1
0.43020362240373855,0.7142857142857143,0.5864661654135338,0.3458646616541353,0.3082706766917293,133,1
0.34342775249032326,0.7857142857142857,0.6785714285714286,0.4357142857142857,0.25,140,1
0.3821689857478707,0.7559055118110236,0.6299212598425197,0.3700787401574803,0.2755905511811024,127,1
0.3985378777065689,0.7384615384615385,0.6307692307692307,0.36153846153846153,0.3076923076923077,130,1
0.38787882541008706,0.7424242424242424,0.6363636363636364,0.3712121212121212,0.30303030303030304,132,1
0.38787882541008706,0.7424242424242424,0.6363636363636364,0.3712121212121212,0.30303030303030304,132,1
0.4330502753635677,0.706766917293233,0.6090225563909775,0.3383458646616541,0.3458646616541353,133,1
0.3994296911746777,0.7421875,0.609375,0.359375,0.28125,128,1
0.3910970489988637,0.7461538461538462,0.6153846153846154,0.36923076923076925,0.27692307692307694,130,1
0.34342775249032326,0.7857142857142857,0.6785714285714286,0.4357142857142857,0.25,140,1
0.34342775249032326,0.7857142857142857,0.6785714285714286,0.4357142857142857,0.25,140,1
0.42038594966246984,0.7280701754385965,0.6052631578947368,0.2982456140350877,0.32456140350877194,114,1
0.38526776525098844,0.7536231884057971,0.6376811594202898,0.39855072463768115,0.2753623188405797,138,1
0.4695731017776952,0.6811594202898551,0.5507246376811594,0.32608695652173914,0.3333333333333333,138,1
0.3910970489988637,0.7461538461538462,0.6153846153846154,0.36923076923076925,0.27692307692307694,130,1
0.4695731017776952,0.6811594202898551,0.5507246376811594,0.32608695652173914,0.3333333333333333,138,1
0.40965719246947513,0.7238805970149254,0.6343283582089553,0.3582089552238806,0.3358208955223881,134,1
0.5085816286601791,0.6461538461538462,0.5230769230769231,0.2692307692307692,0.38461538461538464,130,1
0.3961622748599031,0.734375,0.6015625,0.3515625,0.2890625,128,1
0.4372996829525102,0.7073170731707317,0.5528455284552846,0.3089430894308943,0.3008130081300813,123,1
0.33498114747683955,0.7919463087248322,0.6912751677852349,0.46308724832214765,0.24161073825503357,149,1
0.3961622748599031,0.734375,0.6015625,0.3515625,0.2890625,128,1
0.3398531631193969,0.7916666666666666,0.6916666666666667,0.38333333333333336,0.275,120,1
0.4330502753635677,0.706766917293233,0.6090225563909775,0.3383458646616541,0.3458646616541353,133,1
0.4114165294136763,0.7253521126760564,0.6197183098591549,0.38028169014084506,0.30985915492957744,142,1
0.38526776525098844,0.7536231884057971,0.6376811594202898,0.39855072463768115,0.2753623188405797,138,1
0.3852755736077142,0.7443609022556391,0.6390977443609023,0.37593984962406013,0.3007518796992481,133,1
0.3935680381521153,0.7364341085271318,0.6046511627906976,0.35658914728682173,0.2868217054263566,129,1
0.3687840281707105,0.7619047619047619,0.6349206349206349,0.373015873015873,0.2698412698412698,126,1
0.3961622748599031,0.734375,0.6015625,0.3515625,0.2890625,128,1
0.3961622748599031,0.734375,0.6015625,0.3515625,0.2890625,128,1
0.40965719246947513,0.7238805970149254,0.6343283582089553,0.3582089552238806,0.3358208955223881,134,1
0.3985378777065689,0.7384615384615385,0.6307692307692307,0.36153846153846153,0.3076923076923077,130,1
0.3419293463591237,0.7866666666666666,0.68,0.46,0.24,150,1
0.3398531631193969,0.7916666666666666,0.6916666666666667,0.38333333333333336,0.275,120,1
0.3910970489988637,0.7461538461538462,0.6153846153846154,0.36923076923076925,0.27692307692307694,130,1
0.5085816286601791,0.6461538461538462,0.5230769230769231,0.2692307692307692,0.38461538461538464,130,1
0.5085816286601791,0.6461538461538462,0.5230769230769231,0.2692307692307692,0.38461538461538464,130,1
0.4330502753635677,0.706766917293233,0.6090225563909775,0.3383458646616541,0.3458646616541353,133,1
0.33498114747683955,0.7919463087248322,0.6912751677852349,0.46308724832214765,0.24161073825503357,149,1
0.3398531631193969,0.7916666666666666,0.6916666666666667,0.38333333333333336,0.275,120,1
0.40911822945526594,0.7368421052631579,0.6228070175438597,0.30701754385964913,0.32456140350877194,114,1
0.4372996829525102,0.7073170731707317,0.5528455284552846,0.3089430894308943,0.3008130081300813,123,1
0.3910970489988637,0.7461538461538462,0.6153846153846154,0.36923076923076925,0.27692307692307694,130,1
0.40911822945526594,0.7368421052631579,0.6228070175438597,0.30701754385964913,0.32456140350877194,114,1
0.40911822945526594,0.7368421052631579,0.6228070175438597,0.30701754385964913,0.32456140350877194,114,1
0.38851811291900423,0.7479674796747967,0.6422764227642277,0.34959349593495936,0.3089430894308943,123,1
0.40911822945526594,0.7368421052631579,0.6228070175438597,0.30701754385964913,0.32456140350877194,114,1
0.341791164105942,0.7866666666666666,0.6866666666666666,0.46,0.24666666666666667,150,1
0.43020362240373855,0.7142857142857143,0.5864661654135338,0.3458646616541353,0.3082706766917293,133,1
0.40911822945526594,0.7368421052631579,0.6228070175438597,0.30701754385964913,0.32456140350877194,114,1
0.4372996829525102,0.7073170731707317,0.5528455284552846,0.3089430894308943,0.3008130081300813,123,1
0.3687840281707105,0.7619047619047619,0.6349206349206349,0.373015873015873,0.2698412698412698,126,1
0.38787882541008706,0.7424242424242424,0.6363636363636364,0.3712121212121212,0.30303030303030304,132,1
0.4330502753635677,0.706766917293233,0.6090225563909775,0.3383458646616541,0.3458646616541353,133,1
0.33498114747683955,0.7919463087248322,0.6912751677852349,0.46308724832214765,0.24161073825503357,149,1
0.38224964845765197,0.746031746031746,0.6666666666666666,0.35714285714285715,0.3333333333333333,126,1
0.3821689857478707,0.7559055118110236,0.6299212598425197,0.3700787401574803,0.2755905511811024,127,1
0.4114165294136763,0.7253521126760564,0.6197183098591549,0.38028169014084506,0.30985915492957744,142,1
0.3398531631193969,0.7916666666666666,0.6916666666666667,0.38333333333333336,0.275,120,1
0.4330502753635677,0.706766917293233,0.6090225563909775,0.3383458646616541,0.3458646616541353,133,1
0.43020362240373855,0.7142857142857143,0.5864661654135338,0.3458646616541353,0.3082706766917293,133,1
0.3910970489988637,0.7461538461538462,0.6153846153846154,0.36923076923076925,0.27692307692307694,130,1
0.40911822945526594,0.7368421052631579,0.6228070175438597,0.30701754385964913,0.32456140350877194,114,1
0.4330502753635677,0.706766917293233,0.6090225563909775,0.3383458646616541,0.3458646616541353,133,1
0.40882276552227953,0.7272727272727273,0.6223776223776224,0.38461538461538464,0.3076923076923077,143,1
0.33498114747683955,0.7919463087248322,0.6912751677852349,0.46308724832214765,0.24161073825503357,149,1
0.3910970489988637,0.7461538461538462,0.6153846153846154,0.36923076923076925,0.27692307692307694,130,1
0.43020362240373855,0.7142857142857143,0.5864661654135338,0.3458646616541353,0.3082706766917293,133,1
0.4114165294136763,0.7253521126760564,0.6197183098591549,0.38028169014084506,0.30985915492957744,142,1
0.5085816286601791,0.6461538461538462,0.5230769230769231,0.2692307692307692,0.38461538461538464,130,1
0.40965719246947513,0.7238805970149254,0.6343283582089553,0.3582089552238806,0.3358208955223881,134,1
0.40882276552227953,0.7272727272727273,0.6223776223776224,0.38461538461538464,0.3076923076923077,143,1
0.43020362240373855,0.7142857142857143,0.5864661654135338,0.3458646616541353,0.3082706766917293,133,1
0.38224964845765197,0.746031746031746,0.6666666666666666,0.35714285714285715,0.3333333333333333,126,1
0.34342775249032326,0.7857142857142857,0.6785714285714286,0.4357142857142857,0.25,140,1
0.40965719246947513,0.7238805970149254,0.6343283582089553,0.3582089552238806,0.3358208955223881,134,1
0.38224964845765197,0.746031746031746,0.6666666666666666,0.35714285714285715,0.3333333333333333,126,1
0.38224964845765197,0.746031746031746,0.6666666666666666,0.35714285714285715,0.3333333333333333,126,1
0.3398531631193969,0.7916666666666666,0.6916666666666667,0.38333333333333336,0.275,120,1
0.38526776525098844,0.7536231884057971,0.6376811594202898,0.39855072463768115,0.2753623188405797,138,1
0.341791164105942,0.7866666666666666,0.6866666666666666,0.46,0.24666666666666667,150,1
0.3985378777065689,0.7384615384615385,0.6307692307692307,0.36153846153846153,0.3076923076923077,130,1
0.4114165294136763,0.7253521126760564,0.6197183098591549,0.38028169014084506,0.30985915492957744,142,1
0.4372996829525102,0.7073170731707317,0.5528455284552846,0.3089430894308943,0.3008130081300813,123,1
0.4695731017776952,0.6811594202898551,0.5507246376811594,0.32608695652173914,0.3333333333333333,138,1
0.4114165294136763,0.7253521126760564,0.6197183098591549,0.38028169014084506,0.30985915492957744,142,1
0.40965719246947513,0.7238805970149254,0.6343283582089553,0.3582089552238806,0.3358208955223881,134,1
0.3687840281707105,0.7619047619047619,0.6349206349206349,0.373015873015873,0.2698412698412698,126,1
0.38787882541008706,0.7424242424242424,0.6363636363636364,0.3712121212121212,0.30303030303030304,132,1
0.3419293463591237,0.7866666666666666,0.68,0.46,0.24,150,1
0.3687840281707105,0.7619047619047619,0.6349206349206349,0.373015873015873,0.2698412698412698,126,1
0.43020362240373855,0.7142857142857143,0.5864661654135338,0.3458646616541353,0.3082706766917293,133,1
0.33498114747683955,0.7919463087248322,0.6912751677852349,0.46308724832214765,0.24161073825503357,149,1
0.33498114747683955,0.7919463087248322,0.6912751677852349,0.46308724832214765,0.24161073825503357,149,1
0.38526776525098844,0.7536231884057971,0.6376811594202898,0.39855072463768115,0.2753623188405797,138,1
0.38526776525098844,0.7536231884057971,0.6376811594202898,0.39855072463768115,0.2753623188405797,138,1
0.38851811291900423,0.7479674796747967,0.6422764227642277,0.34959349593495936,0.3089430894308943,123,1
0.38224964845765197,0.746031746031746,0.6666666666666666,0.35714285714285715,0.3333333333333333,126,1
0.4695731017776952,0.6811594202898551,0.5507246376811594,0.32608695652173914,0.3333333333333333,138,1
0.3985378777065689,0.7384615384615385,0.6307692307692307,0.36153846153846153,0.3076923076923077,130,1
0.40965719246947513,0.7238805970149254,0.6343283582089553,0.3582089552238806,0.3358208955223881,134,1
0.3487393629882261,0.7814569536423841,0.6754966887417219,0.45695364238410596,0.24503311258278146,151,1
0.3910970489988637,0.7461538461538462,0.6153846153846154,0.36923076923076925,0.27692307692307694,130,1
0.38851811291900423,0.7479674796747967,0.6422764227642277,0.34959349593495936,0.3089430894308943,123,1
0.3398531631193969,0.7916666666666666,0.6916666666666667,0.38333333333333336,0.275,120,1
0.43020362240373855,0.7142857142857143,0.5864661654135338,0.3458646616541353,0.3082706766917293,133,1
0.40911822945526594,0.7368421052631579,0.6228070175438597,0.30701754385964913,0.32456140350877194,114,1
0.34342775249032326,0.7857142857142857,0.6785714285714286,0.4357142857142857,0.25,140,1
0.44430057548820484,0.6992481203007519,0.5939849624060151,0.3308270676691729,0.3458646616541353,133,1
0.40965719246947513,0.7238805970149254,0.6343283582089553,0.3582089552238806,0.3358208955223881,134,1
0.38787882541008706,0.7424242424242424,0.6363636363636364,0.3712121212121212,0.30303030303030304,132,1
0.5085816286601791,0.6461538461538462,0.5230769230769231,0.2692307692307692,0.38461538461538464,130,1
0.4330502753635677,0.706766917293233,0.6090225563909775,0.3383458646616541,0.3458646616541353,133,1
0.3687840281707105,0.7619047619047619,0.6349206349206349,0.373015873015873,0.2698412698412698,126,1
0.43020362240373855,0.7142857142857143,0.5864661654135338,0.3458646616541353,0.3082706766917293,133,1
0.3985378777065689,0.7384615384615385,0.6307692307692307,0.36153846153846153,0.3076923076923077,130,1
0.38851811291900423,0.7479674796747967,0.6422764227642277,0.34959349593495936,0.3089430894308943,123,1
0.43444837268969816,0.7096774193548387,0.5564516129032258,0.31451612903225806,0.29838709677419356,124,1
0.43444837268969816,0.7096774193548387,0.5564516129032258,0.31451612903225806,0.29838709677419356,124,1
0.3687840281707105,0.7619047619047619,0.6349206349206349,0.373015873015873,0.2698412698412698,126,1
0.34342775249032326,0.7857142857142857,0.6785714285714286,0.4357142857142857,0.25,140,1
0.4114165294136763,0.7253521126760564,0.6197183098591549,0.38028169014084506,0.30985915492957744,142,1
0.40911822945526594,0.7368421052631579,0.6228070175438597,0.30701754385964913,0.32456140350877194,114,1
0.38224964845765197,0.746031746031746,0.6666666666666666,0.35714285714285715,0.3333333333333333,126,1
0.38224964845765197,0.746031746031746,0.6666666666666666,0.35714285714285715,0.3333333333333333,126,1
0.33498114747683955,0.7919463087248322,0.6912751677852349,0.46308724832214765,0.24161073825503357,149,1
0.4330502753635677,0.706766917293233,0.6090225563909775,0.3383458646616541,0.3458646616541353,133,1
0.3985378777065689,0.7384615384615385,0.6307692307692307,0.36153846153846153,0.3076923076923077,130,1
0.38851811291900423,0.7479674796747967,0.6422764227642277,0.34959349593495936,0.3089430894308943,123,1
0.40965719246947513,0.7238805970149254,0.6343283582089553,0.3582089552238806,0.3358208955223881,134,1
0.4114165294136763,0.7253521126760564,0.6197183098591549,0.38028169014084506,0.30985915492957744,142,1
0.4372996829525102,0.7073170731707317,0.5528455284552846,0.3089430894308943,0.3008130081300813,123,1
0.3910970489988637,0.7461538461538462,0.6153846153846154,0.36923076923076925,0.27692307692307694,130,1
0.3910970489988637,0.7461538461538462,0.6153846153846154,0.36923076923076925,0.27692307692307694,130,1
0.4372996829525102,0.7073170731707317,0.5528455284552846,0.3089430894308943,0.3008130081300813,123,1
0.39038817038166707,0.75,0.625,0.3671875,0.28125,128,1
0.38224964845765197,0.746031746031746,0.6666666666666666,0.35714285714285715,0.3333333333333333,126,1
0.40911822945526594,0.7368421052631579,0.6228070175438597,0.30701754385964913,0.32456140350877194,114,1
0.3687840281707105,0.7619047619047619,0.6349206349206349,0.373015873015873,0.2698412698412698,126,1
0.4114165294136763,0.7253521126760564,0.6197183098591549,0.38028169014084506,0.30985915492957744,142,1
0.43020362240373855,0.7142857142857143,0.5864661654135338,0.3458646616541353,0.3082706766917293,133,1
0.43444837268969816,0.7096774193548387,0.5564516129032258,0.31451612903225806,0.29838709677419356,124,1
0.3910970489988637,0.7461538461538462,0.6153846153846154,0.36923076923076925,0.27692307692307694,130,1
0.3852755736077142,0.7443609022556391,0.6390977443609023,0.37593984962406013,0.3007518796992481,133,1
0.38224964845765197,0.746031746031746,0.6666666666666666,0.35714285714285715,0.3333333333333333,126,1
0.38787882541008706,0.7424242424242424,0.6363636363636364,0.3712121212121212,0.30303030303030304,132,1
0.3398531631193969,0.7916666666666666,0.6916666666666667,0.38333333333333336,0.275,120,1
0.3398531631193969,0.7916666666666666,0.6916666666666667,0.38333333333333336,0.275,120,1
0.4695731017776952,0.6811594202898551,0.5507246376811594,0.32608695652173914,0.3333333333333333,138,1
0.3821689857478707,0.7559055118110236,0.6299212598425197,0.3700787401574803,0.2755905511811024,127,1
0.38787882541008706,0.7424242424242424,0.6363636363636364,0.3712121212121212,0.30303030303030304,132,1
0.42038594966246984,0.7280701754385965,0.6052631578947368,0.2982456140350877,0.32456140350877194,114,1
0.38224964845765197,0.746031746031746,0.6666666666666666,0.35714285714285715,0.3333333333333333,126,1
0.33498114747683955,0.7919463087248322,0.6912751677852349,0.46308724832214765,0.24161073825503357,149,1
0.38787882541008706,0.7424242424242424,0.6363636363636364,0.3712121212121212,0.30303030303030304,132,1
0.3985378777065689,0.7384615384615385,0.6307692307692307,0.36153846153846153,0.3076923076923077,130,1
0.3687840281707105,0.7619047619047619,0.6349206349206349,0.373015873015873,0.2698412698412698,126,1
0.38526776525098844,0.7536231884057971,0.6376811594202898,0.39855072463768115,0.2753623188405797,138,1
0.38526776525098844,0.7536231884057971,0.6376811594202898,0.39855072463768115,0.2753623188405797,138,1
0.3687840281707105,0.7619047619047619,0.6349206349206349,0.373015873015873,0.2698412698412698,126,1
0.38787882541008706,0.7424242424242424,0.6363636363636364,0.3712121212121212,0.30303030303030304,132,1
0.34342775249032326,0.7857142857142857,0.6785714285714286,0.4357142857142857,0.25,140,1
0.38787882541008706,0.7424242424242424,0.6363636363636364,0.3712121212121212,0.30303030303030304,132,1
0.3910970489988637,0.7461538461538462,0.6153846153846154,0.36923076923076925,0.27692307692307694,130,1
0.38526776525098844,0.7536231884057971,0.6376811594202898,0.39855072463768115,0.2753623188405797,138,1
0.3911653720248445,0.7480314960629921,0.6141732283464567,0.36220472440944884,0.2755905511811024,127,1
0.38526776525098844,0.7536231884057971,0.6376811594202898,0.39855072463768115,0.2753623188405797,138,1
0.40965719246947513,0.7238805970149254,0.6343283582089553,0.3582089552238806,0.3358208955223881,134,1
0.46058505996863675,0.6884057971014492,0.5652173913043478,0.3333333333333333,0.3333333333333333,138,1
0.42038594966246984,0.7280701754385965,0.6052631578947368,0.2982456140350877,0.32456140350877194,114,1
0.3961622748599031,0.734375,0.6015625,0.3515625,0.2890625,128,1
0.38787882541008706,0.7424242424242424,0.6363636363636364,0.3712121212121212,0.30303030303030304,132,1
0.3961622748599031,0.734375,0.6015625,0.3515625,0.2890625,128,1
0.5085816286601791,0.6461538461538462,0.5230769230769231,0.2692307692307692,0.38461538461538464,130,1
0.3398531631193969,0.7916666666666666,0.6916666666666667,0.38333333333333336,0.275,120,1
0.5085816286601791,0.6461538461538462,0.5230769230769231,0.2692307692307692,0.38461538461538464,130,1
0.33498114747683955,0.7919463087248322,0.6912751677852349,0.46308724832214765,0.24161073825503357,149,1
0.3398531631193969,0.7916666666666666,0.6916666666666667,0.38333333333333336,0.275,120,1
0.46058505996863675,0.6884057971014492,0.5652173913043478,0.3333333333333333,0.3333333333333333,138,1
0.5085816286601791,0.6461538461538462,0.5230769230769231,0.2692307692307692,0.38461538461538464,130,1
0.38787882541008706,0.7424242424242424,0.6363636363636364,0.3712121212121212,0.30303030303030304,132,1
0.43020362240373855,0.7142857142857143,0.5864661654135338,0.3458646616541353,0.3082706766917293,133,1
0.3687840281707105,0.7619047619047619,0.6349206349206349,0.373015873015873,0.2698412698412698,126,1
0.3398531631193969,0.7916666666666666,0.6916666666666667,0.38333333333333336,0.275,120,1
0.3398531631193969,0.7916666666666666,0.6916666666666667,0.38333333333333336,0.275,120,1
0.5085816286601791,0.6461538461538462,0.5230769230769231,0.2692307692307692,0.38461538461538464,130,1
0.4184462717207052,0.7202797202797203,0.6083916083916084,0.3776223776223776,0.3076923076923077,143,1
0.33498114747683955,0.7919463087248322,0.6912751677852349,0.46308724832214765,0.24161073825503357,149,1
0.3821689857478707,0.7559055118110236,0.6299212598425197,0.3700787401574803,0.2755905511811024,127,1
0.4330502753635677,0.706766917293233,0.6090225563909775,0.3383458646616541,0.3458646616541353,133,1
0.4114165294136763,0.7253521126760564,0.6197183098591549,0.38028169014084506,0.30985915492957744,142,1
0.3985378777065689,0.7384615384615385,0.6307692307692307,0.36153846153846153,0.3076923076923077,130,1
0.4330502753635677,0.706766917293233,0.6090225563909775,0.3383458646616541,0.3458646616541353,133,1
0.3687840281707105,0.7619047619047619,0.6349206349206349,0.373015873015873,0.2698412698412698,126,1
0.38224964845765197,0.746031746031746,0.6666666666666666,0.35714285714285715,0.3333333333333333,126,1
0.3821689857478707,0.7559055118110236,0.6299212598425197,0.3700787401574803,0.2755905511811024,127,1
0.3985378777065689,0.7384615384615385,0.6307692307692307,0.36153846153846153,0.3076923076923077,130,1
0.38851811291900423,0.7479674796747967,0.6422764227642277,0.34959349593495936,0.3089430894308943,123,1
0.3852755736077142,0.7443609022556391,0.6390977443609023,0.37593984962406013,0.3007518796992481,133,1
0.38851811291900423,0.7479674796747967,0.6422764227642277,0.34959349593495936,0.3089430894308943,123,1
0.38224964845765197,0.746031746031746,0.6666666666666666,0.35714285714285715,0.3333333333333333,126,1
0.3961622748599031,0.734375,0.6015625,0.3515625,0.2890625,128,1
0.3687840281707105,0.7619047619047619,0.6349206349206349,0.373015873015873,0.2698412698412698,126,1
0.3985378777065689,0.7384615384615385,0.6307692307692307,0.36153846153846153,0.3076923076923077,130,1
0.4372996829525102,0.7073170731707317,0.5528455284552846,0.3089430894308943,0.3008130081300813,123,1
0.5085816286601791,0.6461538461538462,0.5230769230769231,0.2692307692307692,0.38461538461538464,130,1
0.40965719246947513,0.7238805970149254,0.6343283582089553,0.3582089552238806,0.3358208955223881,134,1
0.3985378777065689,0.7384615384615385,0.6307692307692307,0.36153846153846153,0.3076923076923077,130,1
0.341791164105942,0.7866666666666666,0.6866666666666666,0.46,0.24666666666666667,150,1
0.38526776525098844,0.7536231884057971,0.6376811594202898,0.39855072463768115,0.2753623188405797,138,1
0.34342775249032326,0.7857142857142857,0.6785714285714286,0.4357142857142857,0.25,140,1
0.38526776525098844,0.7536231884057971,0.6376811594202898,0.39855072463768115,0.2753623188405797,138,1
0.46058505996863675,0.6884057971014492,0.5652173913043478,0.3333333333333333,0.3333333333333333,138,1
0.3935680381521153,0.7364341085271318,0.6046511627906976,0.35658914728682173,0.2868217054263566,129,1
0.341791164105942,0.7866666666666666,0.6866666666666666,0.46,0.24666666666666667,150,1
0.3985378777065689,0.7384615384615385,0.6307692307692307,0.36153846153846153,0.3076923076923077,130,1
0.3961622748599031,0.734375,0.6015625,0.3515625,0.2890625,128,1
0.5085816286601791,0.6461538461538462,0.5230769230769231,0.2692307692307692,0.38461538461538464,130,1
0.3821689857478707,0.7559055118110236,0.6299212598425197,0.3700787401574803,0.2755905511811024,127,1
0.4372996829525102,0.7073170731707317,0.5528455284552846,0.3089430894308943,0.3008130081300813,123,1
0.38851811291900423,0.7479674796747967,0.6422764227642277,0.34959349593495936,0.3089430894308943,123,1
0.43020362240373855,0.7142857142857143,0.5864661654135338,0.3458646616541353,0.3082706766917293,133,1
0.4330502753635677,0.706766917293233,0.6090225563909775,0.3383458646616541,0.3458646616541353,133,1
0.43020362240373855,0.7142857142857143,0.5864661654135338,0.3458646616541353,0.3082706766917293,133,1
0.3687840281707105,0.7619047619047619,0.6349206349206349,0.373015873015873,0.2698412698412698,126,1
0.4330502753635677,0.706766917293233,0.6090225563909775,0.3383458646616541,0.3458646616541353,133,1
0.40965719246947513,0.7238805970149254,0.6343283582089553,0.3582089552238806,0.3358208955223881,134,1
0.38851811291900423,0.7479674796747967,0.6422764227642277,0.34959349593495936,0.3089430894308943,123,1
0.43020362240373855,0.7142857142857143,0.5864661654135338,0.3458646616541353,0.3082706766917293,133,1
0.3687840281707105,0.7619047619047619,0.6349206349206349,0.373015873015873,0.2698412698412698,126,1
0.43020362240373855,0.7142857142857143,0.5864661654135338,0.3458646616541353,0.3082706766917293,133,1
0.40882276552227953,0.7272727272727273,0.6223776223776224,0.38461538461538464,0.3076923076923077,143,1
0.3687840281707105,0.7619047619047619,0.6349206349206349,0.373015873015873,0.2698412698412698,126,1
0.3821689857478707,0.7559055118110236,0.6299212598425197,0.3700787401574803,0.2755905511811024,127,1
0.3985378777065689,0.7384615384615385,0.6307692307692307,0.36153846153846153,0.3076923076923077,130,1
0.3985378777065689,0.7384615384615385,0.6307692307692307,0.36153846153846153,0.3076923076923077,130,1
0.41842620632237476,0.7185185185185186,0.6222222222222222,0.35555555555555557,0.3333333333333333,135,1
0.4330502753635677,0.706766917293233,0.6090225563909775,0.3383458646616541,0.3458646616541353,133,1
0.3985378777065689,0.7384615384615385,0.6307692307692307,0.36153846153846153,0.3076923076923077,130,1
0.33498114747683955,0.7919463087248322,0.6912751677852349,0.46308724832214765,0.24161073825503357,149,1
0.40965719246947513,0.7238805970149254,0.6343283582089553,0.3582089552238806,0.3358208955223881,134,1
0.39038817038166707,0.75,0.625,0.3671875,0.28125,128,1
0.38851811291900423,0.7479674796747967,0.6422764227642277,0.34959349593495936,0.3089430894308943,123,1
0.3961622748599031,0.734375,0.6015625,0.3515625,0.2890625,128,1
0.34342775249032326,0.7857142857142857,0.6785714285714286,0.4357142857142857,0.25,140,1
0.3910970489988637,0.7461538461538462,0.6153846153846154,0.36923076923076925,0.27692307692307694,130,1
0.3910970489988637,0.7461538461538462,0.6153846153846154,0.36923076923076925,0.27692307692307694,130,1
0.43444837268969816,0.7096774193548387,0.5564516129032258,0.31451612903225806,0.29838709677419356,124,1
0.4114165294136763,0.7253521126760564,0.6197183098591549,0.38028169014084506,0.30985915492957744,142,1
0.3398531631193969,0.7916666666666666,0.6916666666666667,0.38333333333333336,0.275,120,1
0.3398531631193969,0.7916666666666666,0.6916666666666667,0.38333333333333336,0.275,120,1
0.34342775249032326,0.7857142857142857,0.6785714285714286,0.4357142857142857,0.25,140,1
0.38851811291900423,0.7479674796747967,0.6422764227642277,0.34959349593495936,0.3089430894308943,123,1
0.3985378777065689,0.7384615384615385,0.6307692307692307,0.36153846153846153,0.3076923076923077,130,1
0.38224964845765197,0.746031746031746,0.6666666666666666,0.35714285714285715,0.3333333333333333,126,1
0.5085816286601791,0.6461538461538462,0.5230769230769231,0.2692307692307692,0.38461538461538464,130,1
0.4114165294136763,0.7253521126760564,0.6197183098591549,0.38028169014084506,0.30985915492957744,142,1
0.4114165294136763,0.7253521126760564,0.6197183098591549,0.38028169014084506,0.30985915492957744,142,1
0.3687840281707105,0.7619047619047619,0.6349206349206349,0.373015873015873,0.2698412698412698,126,1
0.3687840281707105,0.7619047619047619,0.6349206349206349,0.373015873015873,0.2698412698412698,126,1
0.4330502753635677,0.706766917293233,0.6090225563909775,0.3383458646616541,0.3458646616541353,133,1
0.3821689857478707,0.7559055118110236,0.6299212598425197,0.3700787401574803,0.2755905511811024,127,1
0.3910970489988637,0.7461538461538462,0.6153846153846154,0.36923076923076925,0.27692307692307694,130,1
0.3911653720248445,0.7480314960629921,0.6141732283464567,0.36220472440944884,0.2755905511811024,127,1
0.38851811291900423,0.7479674796747967,0.6422764227642277,0.34959349593495936,0.3089430894308943,123,1
0.5085816286601791,0.6461538461538462,0.5230769230769231,0.2692307692307692,0.38461538461538464,130,1
0.3419293463591237,0.7866666666666666,0.68,0.46,0.24,150,1
0.40911822945526594,0.7368421052631579,0.6228070175438597,0.30701754385964913,0.32456140350877194,114,1
0.40965719246947513,0.7238805970149254,0.6343283582089553,0.3582089552238806,0.3358208955223881,134,1
0.38787882541008706,0.7424242424242424,0.6363636363636364,0.3712121212121212,0.30303030303030304,132,1
0.4695731017776952,0.6811594202898551,0.5507246376811594,0.32608695652173914,0.3333333333333333,138,1
0.38851811291900423,0.7479674796747967,0.6422764227642277,0.34959349593495936,0.3089430894308943,123,1
0.4372996829525102,0.7073170731707317,0.5528455284552846,0.3089430894308943,0.3008130081300813,123,1
0.38224964845765197,0.746031746031746,0.6666666666666666,0.35714285714285715,0.3333333333333333,126,1
0.38851811291900423,0.7479674796747967,0.6422764227642277,0.34959349593495936,0.3089430894308943,123,1
0.38526776525098844,0.7536231884057971,0.6376811594202898,0.39855072463768115,0.2753623188405797,138,1
0.3398531631193969,0.7916666666666666,0.6916666666666667,0.38333333333333336,0.275,120,1
0.34342775249032326,0.7857142857142857,0.6785714285714286,0.4357142857142857,0.25,140,1
0.3910970489988637,0.7461538461538462,0.6153846153846154,0.36923076923076925,0.27692307692307694,130,1
0.3961622748599031,0.734375,0.6015625,0.3515625,0.2890625,128,1
0.34342775249032326,0.7857142857142857,0.6785714285714286,0.4357142857142857,0.25,140,1
0.34342775249032326,0.7857142857142857,0.6785714285714286,0.4357142857142857,0.25,140,1
0.34342775249032326,0.7857142857142857,0.6785714285714286,0.4357142857142857,0.25,140,1
0.5085816286601791,0.6461538461538462,0.5230769230769231,0.2692307692307692,0.38461538461538464,130,1
0.38851811291900423,0.7479674796747967,0.6422764227642277,0.34959349593495936,0.3089430894308943,123,1
0.40965719246947513,0.7238805970149254,0.6343283582089553,0.3582089552238806,0.3358208955223881,134,1
0.3961622748599031,0.734375,0.6015625,0.3515625,0.2890625,128,1
0.40965719246947513,0.7238805970149254,0.6343283582089553,0.3582089552238806,0.3358208955223881,134,1
0.4372996829525102,0.7073170731707317,0.5528455284552846,0.3089430894308943,0.3008130081300813,123,1
0.3985378777065689,0.7384615384615385,0.6307692307692307,0.36153846153846153,0.3076923076923077,130,1
0.4184462717207052,0.7202797202797203,0.6083916083916084,0.3776223776223776,0.3076923076923077,143,1
0.38526776525098844,0.7536231884057971,0.6376811594202898,0.39855072463768115,0.2753623188405797,138,1
0.3910970489988637,0.7461538461538462,0.6153846153846154,0.36923076923076925,0.27692307692307694,130,1
0.3985378777065689,0.7384615384615385,0.6307692307692307,0.36153846153846153,0.3076923076923077,130,1
0.43444837268969816,0.7096774193548387,0.5564516129032258,0.31451612903225806,0.29838709677419356,124,1
0.38224964845765197,0.746031746031746,0.6666666666666666,0.35714285714285715,0.3333333333333333,126,1
0.3398531631193969,0.7916666666666666,0.6916666666666667,0.38333333333333336,0.275,120,1
0.4330502753635677,0.706766917293233,0.6090225563909775,0.3383458646616541,0.3458646616541353,133,1
0.4330502753635677,0.706766917293233,0.6090225563909775,0.3383458646616541,0.3458646616541353,133,1
0.3398531631193969,0.7916666666666666,0.6916666666666667,0.38333333333333336,0.275,120,1
0.43020362240373855,0.7142857142857143,0.5864661654135338,0.3458646616541353,0.3082706766917293,133,1
0.38224964845765197,0.746031746031746,0.6666666666666666,0.35714285714285715,0.3333333333333333,126,1
0.3935680381521153,0.7364341085271318,0.6046511627906976,0.35658914728682173,0.2868217054263566,129,1
0.4184462717207052,0.7202797202797203,0.6083916083916084,0.3776223776223776,0.3076923076923077,143,1
0.43020362240373855,0.7142857142857143,0.5864661654135338,0.3458646616541353,0.3082706766917293,133,1
0.38787882541008706,0.7424242424242424,0.6363636363636364,0.3712121212121212,0.30303030303030304,132,1
0.3821689857478707,0.7559055118110236,0.6299212598425197,0.3700787401574803,0.2755905511811024,127,1
0.4114165294136763,0.7253521126760564,0.6197183098591549,0.38028169014084506,0.30985915492957744,142,1
0.3985378777065689,0.7384615384615385,0.6307692307692307,0.36153846153846153,0.3076923076923077,130,1
0.4114165294136763,0.7253521126760564,0.6197183098591549,0.38028169014084506,0.30985915492957744,142,1
0.5085816286601791,0.6461538461538462,0.5230769230769231,0.2692307692307692,0.38461538461538464,130,1
0.34342775249032326,0.7857142857142857,0.6785714285714286,0.4357142857142857,0.25,140,1
0.3398531631193969,0.7916666666666666,0.6916666666666667,0.38333333333333336,0.275,120,1
0.38851811291900423,0.7479674796747967,0.6422764227642277,0.34959349593495936,0.3089430894308943,123,1
0.38224964845765197,0.746031746031746,0.6666666666666666,0.35714285714285715,0.3333333333333333,126,1
0.38526776525098844,0.7536231884057971,0.6376811594202898,0.39855072463768115,0.2753623188405797,138,1
0.4695731017776952,0.6811594202898551,0.5507246376811594,0.32608695652173914,0.3333333333333333,138,1
0.40911822945526594,0.7368421052631579,0.6228070175438597,0.30701754385964913,0.32456140350877194,114,1
0.3961622748599031,0.734375,0.6015625,0.3515625,0.2890625,128,1
0.5085816286601791,0.6461538461538462,0.5230769230769231,0.2692307692307692,0.38461538461538464,130,1
0.3935680381521153,0.7364341085271318,0.6046511627906976,0.35658914728682173,0.2868217054263566,129,1
0.38787882541008706,0.7424242424242424,0.6363636363636364,0.3712121212121212,0.30303030303030304,132,1
0.38224964845765197,0.746031746031746,0.6666666666666666,0.35714285714285715,0.3333333333333333,126,1
0.40965719246947513,0.7238805970149254,0.6343283582089553,0.3582089552238806,0.3358208955223881,134,1
0.38526776525098844,0.7536231884057971,0.6376811594202898,0.39855072463768115,0.2753623188405797,138,1
0.38526776525098844,0.7536231884057971,0.6376811594202898,0.39855072463768115,0.2753623188405797,138,1
0.3398531631193969,0.7916666666666666,0.6916666666666667,0.38333333333333336,0.275,120,1
0.4695731017776952,0.6811594202898551,0.5507246376811594,0.32608695652173914,0.3333333333333333,138,1
0.3961622748599031,0.734375,0.6015625,0.3515625,0.2890625,128,1
0.38224964845765197,0.746031746031746,0.6666666666666666,0.35714285714285715,0.3333333333333333,126,1
0.38787882541008706,0.7424242424242424,0.6363636363636364,0.3712121212121212,0.30303030303030304,132,1
0.4114165294136763,0.7253521126760564,0.6197183098591549,0.38028169014084506,0.30985915492957744,142,1
0.4330502753635677,0.706766917293233,0.6090225563909775,0.3383458646616541,0.3458646616541353,133,1
0.34342775249032326,0.7857142857142857,0.6785714285714286,0.4357142857142857,0.25,140,1
0.43020362240373855,0.7142857142857143,0.5864661654135338,0.3458646616541353,0.3082706766917293,133,1
0.4330502753635677,0.706766917293233,0.6090225563909775,0.3383458646616541,0.3458646616541353,133,1
0.4330502753635677,0.706766917293233,0.6090225563909775,0.3383458646616541,0.3458646616541353,133,1
0.4184462717207052,0.7202797202797203,0.6083916083916084,0.3776223776223776,0.3076923076923077,143,1
0.38851811291900423,0.7479674796747967,0.6422764227642277,0.34959349593495936,0.3089430894308943,123,1
0.39038817038166707,0.75,0.625,0.3671875,0.28125,128,1
0.33498114747683955,0.7919463087248322,0.6912751677852349,0.46308724832214765,0.24161073825503357,149,1
0.341791164105942,0.7866666666666666,0.6866666666666666,0.46,0.24666666666666667,150,1
0.3910970489988637,0.7461538461538462,0.6153846153846154,0.36923076923076925,0.27692307692307694,130,1
0.4184462717207052,0.7202797202797203,0.6083916083916084,0.3776223776223776,0.3076923076923077,143,1
0.46058505996863675,0.6884057971014492,0.5652173913043478,0.3333333333333333,0.3333333333333333,138,1
0.38526776525098844,0.7536231884057971,0.6376811594202898,0.39855072463768115,0.2753623188405797,138,1
0.3398531631193969,0.7916666666666666,0.6916666666666667,0.38333333333333336,0.275,120,1
0.5085816286601791,0.6461538461538462,0.5230769230769231,0.2692307692307692,0.38461538461538464,130,1
0.3821689857478707,0.7559055118110236,0.6299212598425197,0.3700787401574803,0.2755905511811024,127,1
0.4372996829525102,0.7073170731707317,0.5528455284552846,0.3089430894308943,0.3008130081300813,123,1
0.38787882541008706,0.7424242424242424,0.6363636363636364,0.3712121212121212,0.30303030303030304,132,1
0.40965719246947513,0.7238805970149254,0.6343283582089553,0.3582089552238806,0.3358208955223881,134,1
0.42038594966246984,0.7280701754385965,0.6052631578947368,0.2982456140350877,0.32456140350877194,114,1
0.5085816286601791,0.6461538461538462,0.5230769230769231,0.2692307692307692,0.38461538461538464,130,1
0.46058505996863675,0.6884057971014492,0.5652173913043478,0.3333333333333333,0.3333333333333333,138,1
0.34342775249032326,0.7857142857142857,0.6785714285714286,0.4357142857142857,0.25,140,1
0.4114165294136763,0.7253521126760564,0.6197183098591549,0.38028169014084506,0.30985915492957744,142,1
0.3910970489988637,0.7461538461538462,0.6153846153846154,0.36923076923076925,0.27692307692307694,130,1
0.3687840281707105,0.7619047619047619,0.6349206349206349,0.373015873015873,0.2698412698412698,126,1
0.5085816286601791,0.6461538461538462,0.5230769230769231,0.2692307692307692,0.38461538461538464,130,1
0.4695731017776952,0.6811594202898551,0.5507246376811594,0.32608695652173914,0.3333333333333333,138,1
0.3687840281707105,0.7619047619047619,0.6349206349206349,0.373015873015873,0.2698412698412698,126,1
0.3910970489988637,0.7461538461538462,0.6153846153846154,0.36923076923076925,0.27692307692307694,130,1
0.3911653720248445,0.7480314960629921,0.6141732283464567,0.36220472440944884,0.2755905511811024,127,1
0.38224964845765197,0.746031746031746,0.6666666666666666,0.35714285714285715,0.3333333333333333,126,1
0.4695731017776952,0.6811594202898551,0.5507246376811594,0.32608695652173914,0.3333333333333333,138,1
0.3687840281707105,0.7619047619047619,0.6349206349206349,0.373015873015873,0.2698412698412698,126,1
0.46058505996863675,0.6884057971014492,0.5652173913043478,0.3333333333333333,0.3333333333333333,138,1
0.3910970489988637,0.7461538461538462,0.6153846153846154,0.36923076923076925,0.27692307692307694,130,1
0.3398531631193969,0.7916666666666666,0.6916666666666667,0.38333333333333336,0.275,120,1
0.4372996829525102,0.7073170731707317,0.5528455284552846,0.3089430894308943,0.3008130081300813,123,1
0.43020362240373855,0.7142857142857143,0.5864661654135338,0.3458646616541353,0.3082706766917293,133,1
0.4372996829525102,0.7073170731707317,0.5528455284552846,0.3089430894308943,0.3008130081300813,123,1
0.40911822945526594,0.7368421052631579,0.6228070175438597,0.30701754385964913,0.32456140350877194,114,1
0.34342775249032326,0.7857142857142857,0.6785714285714286,0.4357142857142857,0.25,140,1
0.4330502753635677,0.706766917293233,0.6090225563909775,0.3383458646616541,0.3458646616541353,133,1
0.38526776525098844,0.7536231884057971,0.6376811594202898,0.39855072463768115,0.2753623188405797,138,1
0.5085816286601791,0.6461538461538462,0.5230769230769231,0.2692307692307692,0.38461538461538464,130,1
0.40911822945526594,0.7368421052631579,0.6228070175438597,0.30701754385964913,0.32456140350877194,114,1
0.38526776525098844,0.7536231884057971,0.6376811594202898,0.39855072463768115,0.2753623188405797,138,1
0.40965719246947513,0.7238805970149254,0.6343283582089553,0.3582089552238806,0.3358208955223881,134,1
0.4372996829525102,0.7073170731707317,0.5528455284552846,0.3089430894308943,0.3008130081300813,123,1
0.3821689857478707,0.7559055118110236,0.6299212598425197,0.3700787401574803,0.2755905511811024,127,1
0.39038817038166707,0.75,0.625,0.3671875,0.28125,128,1
0.38787882541008706,0.7424242424242424,0.6363636363636364,0.3712121212121212,0.30303030303030304,132,1
0.4330502753635677,0.706766917293233,0.6090225563909775,0.3383458646616541,0.3458646616541353,133,1
0.38851811291900423,0.7479674796747967,0.6422764227642277,0.34959349593495936,0.3089430894308943,123,1
0.4695731017776952,0.6811594202898551,0.5507246376811594,0.32608695652173914,0.3333333333333333,138,1
0.4372996829525102,0.7073170731707317,0.5528455284552846,0.3089430894308943,0.3008130081300813,123,1
0.3852755736077142,0.7443609022556391,0.6390977443609023,0.37593984962406013,0.3007518796992481,133,1
0.33498114747683955,0.7919463087248322,0.6912751677852349,0.46308724832214765,0.24161073825503357,149,1
0.33498114747683955,0.7919463087248322,0.6912751677852349,0.46308724832214765,0.24161073825503357,149,1
0.5085816286601791,0.6461538461538462,0.5230769230769231,0.2692307692307692,0.38461538461538464,130,1
0.3687840281707105,0.7619047619047619,0.6349206349206349,0.373015873015873,0.2698412698412698,126,1
0.3821689857478707,0.7559055118110236,0.6299212598425197,0.3700787401574803,0.2755905511811024,127,1
0.40965719246947513,0.7238805970149254,0.6343283582089553,0.3582089552238806,0.3358208955223881,134,1
0.46058505996863675,0.6884057971014492,0.5652173913043478,0.3333333333333333,0.3333333333333333,138,1
0.38787882541008706,0.7424242424242424,0.6363636363636364,0.3712121212121212,0.30303030303030304,132,1
0.3961622748599031,0.734375,0.6015625,0.3515625,0.2890625,128,1
0.38224964845765197,0.746031746031746,0.6666666666666666,0.35714285714285715,0.3333333333333333,126,1
0.34342775249032326,0.7857142857142857,0.6785714285714286,0.4357142857142857,0.25,140,1
0.43020362240373855,0.7142857142857143,0.5864661654135338,0.3458646616541353,0.3082706766917293,133,1
0.3821689857478707,0.7559055118110236,0.6299212598425197,0.3700787401574803,0.2755905511811024,127,1
0.3821689857478707,0.7559055118110236,0.6299212598425197,0.3700787401574803,0.2755905511811024,127,1
0.3985378777065689,0.7384615384615385,0.6307692307692307,0.36153846153846153,0.3076923076923077,130,1
0.3398531631193969,0.7916666666666666,0.6916666666666667,0.38333333333333336,0.275,120,1
0.5085816286601791,0.6461538461538462,0.5230769230769231,0.2692307692307692,0.38461538461538464,130,1
0.5085816286601791,0.6461538461538462,0.5230769230769231,0.2692307692307692,0.38461538461538464,130,1
0.34342775249032326,0.7857142857142857,0.6785714285714286,0.4357142857142857,0.25,140,1
0.43020362240373855,0.7142857142857143,0.5864661654135338,0.3458646616541353,0.3082706766917293,133,1
0.3961622748599031,0.734375,0.6015625,0.3515625,0.2890625,128,1
0.38526776525098844,0.7536231884057971,0.6376811594202898,0.39855072463768115,0.2753623188405797,138,1
0.3910970489988637,0.7461538461538462,0.6153846153846154,0.36923076923076925,0.27692307692307694,130,1
0.38851811291900423,0.7479674796747967,0.6422764227642277,0.34959349593495936,0.3089430894308943,123,1
0.3398531631193969,0.7916666666666666,0.6916666666666667,0.38333333333333336,0.275,120,1
0.43020362240373855,0.7142857142857143,0.5864661654135338,0.3458646616541353,0.3082706766917293,133,1
0.3852755736077142,0.7443609022556391,0.6390977443609023,0.37593984962406013,0.3007518796992481,133,1
0.44430057548820484,0.6992481203007519,0.5939849624060151,0.3308270676691729,0.3458646616541353,133,1
0.4330502753635677,0.706766917293233,0.6090225563909775,0.3383458646616541,0.3458646616541353,133,1
0.3687840281707105,0.7619047619047619,0.6349206349206349,0.373015873015873,0.2698412698412698,126,1
0.43020362240373855,0.7142857142857143,0.5864661654135338,0.3458646616541353,0.3082706766917293,133,1
0.4372996829525102,0.7073170731707317,0.5528455284552846,0.3089430894308943,0.3008130081300813,123,1
0.3910970489988637,0.7461538461538462,0.6153846153846154,0.36923076923076925,0.27692307692307694,130,1
0.34342775249032326,0.7857142857142857,0.6785714285714286,0.4357142857142857,0.25,140,1
0.34342775249032326,0.7857142857142857,0.6785714285714286,0.4357142857142857,0.25,140,1
0.40911822945526594,0.7368421052631579,0.6228070175438597,0.30701754385964913,0.32456140350877194,114,1
0.34342775249032326,0.7857142857142857,0.6785714285714286,0.4357142857142857,0.25,140,1
0.33498114747683955,0.7919463087248322,0.6912751677852349,0.46308724832214765,0.24161073825503357,149,1
0.38224964845765197,0.746031746031746,0.6666666666666666,0.35714285714285715,0.3333333333333333,126,1
0.38526776525098844,0.7536231884057971,0.6376811594202898,0.39855072463768115,0.2753623188405797,138,1
0.38224964845765197,0.746031746031746,0.6666666666666666,0.35714285714285715,0.3333333333333333,126,1
0.40911822945526594,0.7368421052631579,0.6228070175438597,0.30701754385964913,0.32456140350877194,114,1
0.4695731017776952,0.6811594202898551,0.5507246376811594,0.32608695652173914,0.3333333333333333,138,1
0.34342775249032326,0.7857142857142857,0.6785714285714286,0.4357142857142857,0.25,140,1
0.5085816286601791,0.6461538461538462,0.5230769230769231,0.2692307692307692,0.38461538461538464,130,1
0.4695731017776952,0.6811594202898551,0.5507246376811594,0.32608695652173914,0.3333333333333333,138,1
0.40965719246947513,0.7238805970149254,0.6343283582089553,0.3582089552238806,0.3358208955223881,134,1
0.34342775249032326,0.7857142857142857,0.6785714285714286,0.4357142857142857,0.25,140,1
0.3910970489988637,0.7461538461538462,0.6153846153846154,0.36923076923076925,0.27692307692307694,130,1
0.40965719246947513,0.7238805970149254,0.6343283582089553,0.3582089552238806,0.3358208955223881,134,1
0.3687840281707105,0.7619047619047619,0.6349206349206349,0.373015873015873,0.2698412698412698,126,1
0.40911822945526594,0.7368421052631579,0.6228070175438597,0.30701754385964913,0.32456140350877194,114,1
0.3961622748599031,0.734375,0.6015625,0.3515625,0.2890625,128,1
0.4330502753635677,0.706766917293233,0.6090225563909775,0.3383458646616541,0.3458646616541353,133,1
0.40911822945526594,0.7368421052631579,0.6228070175438597,0.30701754385964913,0.32456140350877194,114,1
0.4372996829525102,0.7073170731707317,0.5528455284552846,0.3089430894308943,0.3008130081300813,123,1
0.4372996829525102,0.7073170731707317,0.5528455284552846,0.3089430894308943,0.3008130081300813,123,1
0.3961622748599031,0.734375,0.6015625,0.3515625,0.2890625,128,1
0.3935680381521153,0.7364341085271318,0.6046511627906976,0.35658914728682173,0.2868217054263566,129,1
0.38851811291900423,0.7479674796747967,0.6422764227642277,0.34959349593495936,0.3089430894308943,123,1
0.43020362240373855,0.7142857142857143,0.5864661654135338,0.3458646616541353,0.3082706766917293,133,1
0.38526776525098844,0.7536231884057971,0.6376811594202898,0.39855072463768115,0.2753623188405797,138,1
0.38224964845765197,0.746031746031746,0.6666666666666666,0.35714285714285715,0.3333333333333333,126,1
0.40911822945526594,0.7368421052631579,0.6228070175438597,0.30701754385964913,0.32456140350877194,114,1
0.33498114747683955,0.7919463087248322,0.6912751677852349,0.46308724832214765,0.24161073825503357,149,1
0.3910970489988637,0.7461538461538462,0.6153846153846154,0.36923076923076925,0.27692307692307694,130,1
0.39038817038166707,0.75,0.625,0.3671875,0.28125,128,1
0.3985378777065689,0.7384615384615385,0.6307692307692307,0.36153846153846153,0.3076923076923077,130,1
0.46058505996863675,0.6884057971014492,0.5652173913043478,0.3333333333333333,0.3333333333333333,138,1
0.46058505996863675,0.6884057971014492,0.5652173913043478,0.3333333333333333,0.3333333333333333,138,1
0.38851811291900423,0.7479674796747967,0.6422764227642277,0.34959349593495936,0.3089430894308943,123,1
0.38851811291900423,0.7479674796747967,0.6422764227642277,0.34959349593495936,0.3089430894308943,123,1
0.3985378777065689,0.7384615384615385,0.6307692307692307,0.36153846153846153,0.3076923076923077,130,1
0.46058505996863675,0.6884057971014492,0.5652173913043478,0.3333333333333333,0.3333333333333333,138,1
0.40911822945526594,0.7368421052631579,0.6228070175438597,0.30701754385964913,0.32456140350877194,114,1
0.38851811291900423,0.7479674796747967,0.6422764227642277,0.34959349593495936,0.3089430894308943,123,1
0.38224964845765197,0.746031746031746,0.6666666666666666,0.35714285714285715,0.3333333333333333,126,1
0.38851811291900423,0.7479674796747967,0.6422764227642277,0.34959349593495936,0.3089430894308943,123,1
0.3935680381521153,0.7364341085271318,0.6046511627906976,0.35658914728682173,0.2868217054263566,129,1
0.3398531631193969,0.7916666666666666,0.6916666666666667,0.38333333333333336,0.275,120,1
0.4372996829525102,0.7073170731707317,0.5528455284552846,0.3089430894308943,0.3008130081300813,123,1
0.40965719246947513,0.7238805970149254,0.6343283582089553,0.3582089552238806,0.3358208955223881,134,1
0.40911822945526594,0.7368421052631579,0.6228070175438597,0.30701754385964913,0.32456140350877194,114,1
0.43020362240373855,0.7142857142857143,0.5864661654135338,0.3458646616541353,0.3082706766917293,133,1
0.3985378777065689,0.7384615384615385,0.6307692307692307,0.36153846153846153,0.3076923076923077,130,1
0.3985378777065689,0.7384615384615385,0.6307692307692307,0.36153846153846153,0.3076923076923077,130,1
0.38526776525098844,0.7536231884057971,0.6376811594202898,0.39855072463768115,0.2753623188405797,138,1
0.5085816286601791,0.6461538461538462,0.5230769230769231,0.2692307692307692,0.38461538461538464,130,1
0.40965719246947513,0.7238805970149254,0.6343283582089553,0.3582089552238806,0.3358208955223881,134,1
0.38526776525098844,0.7536231884057971,0.6376811594202898,0.39855072463768115,0.2753623188405797,138,1
0.3935680381521153,0.7364341085271318,0.6046511627906976,0.35658914728682173,0.2868217054263566,129,1
0.3821689857478707,0.7559055118110236,0.6299212598425197,0.3700787401574803,0.2755905511811024,127,1
0.43444837268969816,0.7096774193548387,0.5564516129032258,0.31451612903225806,0.29838709677419356,124,1
0.3398531631193969,0.7916666666666666,0.6916666666666667,0.38333333333333336,0.275,120,1
0.38526776525098844,0.7536231884057971,0.6376811594202898,0.39855072463768115,0.2753623188405797,138,1
0.42038594966246984,0.7280701754385965,0.6052631578947368,0.2982456140350877,0.32456140350877194,114,1
0.43020362240373855,0.7142857142857143,0.5864661654135338,0.3458646616541353,0.3082706766917293,133,1
0.46058505996863675,0.6884057971014492,0.5652173913043478,0.3333333333333333,0.3333333333333333,138,1
0.3687840281707105,0.7619047619047619,0.6349206349206349,0.373015873015873,0.2698412698412698,126,1
0.38851811291900423,0.7479674796747967,0.6422764227642277,0.34959349593495936,0.3089430894308943,123,1
0.46058505996863675,0.6884057971014492,0.5652173913043478,0.3333333333333333,0.3333333333333333,138,1
0.3821689857478707,0.7559055118110236,0.6299212598425197,0.3700787401574803,0.2755905511811024,127,1
